[Licensing::Module] Trying to connect to existing licensing client channel...
Built from '6000.4/staging' branch; Version is '6000.4.0f1 (8cf496087c8f) revision 9237654'; Using compiler version '194234433'; Build Type 'Release'
[Licensing::IpcConnector] Successfully connected to: "LicenseClient-medoo" at "2026-04-16T18:11:28.2683812Z"
OS: 'Windows 11  (10.0.26100) Professional' Language: 'en' Physical Memory: 16091 MB
BatchMode: 1, IsHumanControllingUs: 0, StartBugReporterOnCrash: 0, Is64bit: 1
System  architecture: x64
Process architecture: x64
Date: 2026-04-16T18:11:28Z

COMMAND LINE ARGUMENTS:
C:\Program Files\Unity\Hub\Editor\6000.4.0f1\Editor\Unity.exe
-adb2
-batchMode
-noUpm
-name
AssetImportWorker2
-projectPath
C:/Users/medoo/OneDrive/Desktop/Status
-logFile
Logs/AssetImportWorker2.log
-srvPort
13453
-licensingIpc
LicenseClient-medoo
-force-d3d12
-job-worker-count
9
-background-job-worker-count
8
-gc-helper-count
1
-name
AssetImport
Successfully changed project path to: C:/Users/medoo/OneDrive/Desktop/Status
C:/Users/medoo/OneDrive/Desktop/Status
[UnityMemory] Configuration Parameters - Can be set up in boot.config
    "memorysetup-temp-allocator-size-gi-baking-worker=262144"
    "memorysetup-temp-allocator-size-gi-baking-worker=262144"
    "memorysetup-temp-allocator-size-gi-baking-worker=262144"
    "memorysetup-temp-allocator-size-gi-baking-worker=262144"
    "memorysetup-temp-allocator-size-gi-baking-worker=262144"
    "memorysetup-temp-allocator-size-nav-mesh-worker=65536"
    "memorysetup-temp-allocator-size-audio-worker=65536"
    "memorysetup-temp-allocator-size-cloud-worker=32768"
    "memorysetup-temp-allocator-size-gfx=262144"
    "memorysetup-temp-allocator-size-preload-manager=33554432"
    "memorysetup-temp-allocator-size-job-worker=262144"
    "memorysetup-temp-allocator-size-background-worker=32768"
    "memorysetup-allocator-temp-initial-block-size-main=262144"
    "memorysetup-allocator-temp-initial-block-size-worker=262144"
    "memorysetup-bucket-allocator-granularity=16"
    "memorysetup-bucket-allocator-bucket-count=8"
    "memorysetup-bucket-allocator-block-size=33554432"
    "memorysetup-bucket-allocator-block-count=8"
    "memorysetup-main-allocator-block-size=16777216"
    "memorysetup-thread-allocator-block-size=16777216"
    "memorysetup-gfx-main-allocator-block-size=16777216"
    "memorysetup-gfx-thread-allocator-block-size=16777216"
    "memorysetup-cache-allocator-block-size=4194304"
    "memorysetup-typetree-allocator-block-size=2097152"
    "memorysetup-profiler-bucket-allocator-granularity=16"
    "memorysetup-profiler-bucket-allocator-bucket-count=8"
    "memorysetup-profiler-bucket-allocator-block-size=33554432"
    "memorysetup-profiler-bucket-allocator-block-count=8"
    "memorysetup-profiler-allocator-block-size=16777216"
    "memorysetup-profiler-editor-allocator-block-size=1048576"
    "memorysetup-temp-allocator-size-main=16777216"
    "memorysetup-job-temp-allocator-block-size=2097152"
    "memorysetup-job-temp-allocator-block-size-background=1048576"
    "memorysetup-job-temp-allocator-reduction-small-platforms=262144"
Player connection [13296]  Target information:

Player connection [13296]  * "[IP] 192.168.100.3 [Port] 0 [Flags] 2 [Guid] 2848398147 [EditorId] 2848398147 [Version] 1048832 [Id] WindowsEditor(7,SeifRami) [Debug] 1 [PackageName] WindowsEditor [ProjectName] Editor" 

Player connection [13296] Host joined multi-casting on [225.0.0.222:54997]...
Player connection [13296] Host joined alternative multi-casting on [225.0.0.222:34997]...
JobSystem: Creating JobQueue using job-worker-count value 9
Input System module state changed to: Initialized.
[Physics::Module] Initialized fallback backend.
[Physics::Module] Id: 0xdecafbad
Library Redirect Path: Library/
[Physics::Module] Selected backend.
[Physics::Module] Name: PhysX
[Physics::Module] Id: 0xf2b8ea05
[Physics::Module] SDK Version: 4.1.2
[Physics::Module] Integration Version: 1.0.0
[Physics::Module] Threading Mode: Multi-Threaded
Active build profile path: `Assets/Settings/Build Profiles/Status.asset`
Got setting from build profile YAML, name `m_BuildSubtarget`, value `0`
[Licensing::Module] Licensing is not yet initialized.
[Licensing::Client] Error: HandshakeResponse reported an error:
	ResponseCode: 505
	ResponseStatus: Unsupported protocol version '1.18.1'.
[Licensing::Module] Error: Failed to handshake to channel: "LicenseClient-medoo"
[Licensing::IpcConnector] LicenseClient-medoo channel disconnected successfully.
[Licensing::IpcConnector] Successfully connected to: "LicenseClient-medoo-6000.4.0" at "2026-04-16T18:11:29.0683368Z"
[Licensing::Client] Handshaking with LicensingClient:
  Version:                 1.18.1+9fbee8e
  Session Id:              d66f1510125e448f827904b844c92b0d
  Correlation Id:          e6a479592fdfd49f6d323fcabd19a0d7
  External correlation Id: 1067091501500756680
  Machine Id:              agf7rBPk51ccx3CzQra/GLhDOyE=
[Licensing::Module] Successfully connected to LicensingClient on channel: "LicenseClient-medoo-6000.4.0" (connect: 0.00s, validation: 0.00s, handshake: 0.84s)
[Licensing::IpcConnector] Successfully connected to: "LicenseClient-medoo-6000.4.0-notifications" at "2026-04-16T18:11:29.909691Z"
[Licensing::Module] Licensing Background thread has ended after 1.64s
[Licensing::Module] Licensing is initialized (took 1.23s).
[Licensing::Client] Successfully resolved entitlement details
[Licensing::Module] License group:
  Id: 11270634123586-UnityPersXXXX
  Product: Unity Personal
  Type: Assigned
  Expiration: Unlimited
Got setting from build profile YAML, name `m_BuildTarget`, value `13`
Got setting from build profile YAML, name `m_Subtarget`, value `0`
Refreshing native plugins compatible for Editor in 38.06 ms, found 7 plugins.
Initialize engine version: 6000.4.0f1 (8cf496087c8f)
[Subsystems] Discovering subsystems at path C:/Program Files/Unity/Hub/Editor/6000.4.0f1/Editor/Data/Resources/UnitySubsystems
[Subsystems] Discovering subsystems at path C:/Users/medoo/OneDrive/Desktop/Status/Assets
Forcing GfxDevice: Direct3D 12
GfxDevice: creating device client; kGfxThreadingModeNonThreaded
d3d12: failed to query info queue interface (0x80004002).
Direct3D:
    Version:         Direct3D 12 [level 12.2]
    Renderer:        NVIDIA GeForce RTX 4060 Laptop GPU (ID=0x28e0)
    Vendor:          NVIDIA
    VRAM:            7957 MB
    App VRAM Budget: 7189 MB
    Driver:          32.0.15.8186
Got setting from build profile YAML, name `m_BuildSubtarget`, value `0`
Got setting from build profile YAML, name `m_BuildSubtarget`, value `0`
Got setting from build profile YAML, name `m_BuildSubtarget`, value `0`
Initialize mono
Mono path[0] = 'C:/Program Files/Unity/Hub/Editor/6000.4.0f1/Editor/Data/Managed'
Mono path[1] = 'C:/Program Files/Unity/Hub/Editor/6000.4.0f1/Editor/Data/MonoBleedingEdge/lib/mono/unityjit-win32'
Mono config path = 'C:/Program Files/Unity/Hub/Editor/6000.4.0f1/Editor/Data/MonoBleedingEdge/etc'
Using monoOptions --debugger-agent=transport=dt_socket,embedding=1,server=y,suspend=n,address=127.0.0.1:56604
CodeReloadManager initialized
Got setting from build profile YAML, name `m_BuildSubtarget`, value `0`
Got setting from build profile YAML, name `m_BuildSubtarget`, value `0`
Begin MonoManager ReloadAssembly
Registering precompiled unity dll's ...
Register platform support module: C:/Program Files/Unity/Hub/Editor/6000.4.0f1/Editor/Data/PlaybackEngines/WindowsStandaloneSupport/UnityEditor.WindowsStandalone.Extensions.dll
Register platform support module: C:/Program Files/Unity/Hub/Editor/6000.4.0f1/Editor/Data/PlaybackEngines/AndroidPlayer/UnityEditor.Android.Extensions.dll
[Licensing::Client] Successfully resolved entitlement details
Register platform support module: C:/Program Files/Unity/Hub/Editor/6000.4.0f1/Editor/Data/PlaybackEngines/iOSSupport/UnityEditor.iOS.Extensions.dll
Registered in 0.003586 seconds.
Got setting from build profile YAML, name `m_BuildSubtarget`, value `0`
Got setting from build profile YAML, name `m_BuildSubtarget`, value `0`
[usbmuxd] Start listen thread
[usbmuxd] Listen thread started
Native extension for iOS target not found
Native extension for Android target not found
Android Extension - Scanning For ADB Devices 239 ms
Native extension for WindowsStandalone target not found
Package Manager log level set to [2]
[Package Manager] Failed to launch server process. Reason: Unity was launched with the -noUpm command-line argument
[Package Manager] Unable to send message (not connected to server process).
[Package Manager] Cannot connect to Unity Package Manager local server
ScheduleIndexationOnStartup MainProcess:False IndexOnStartup:True
Mono: successfully reloaded assembly
- Finished resetting the current domain, in  0.648 seconds
Domain Reload Profiling: 1018ms
	BeginReloadAssembly (101ms)
	RebuildCommonClasses (31ms)
	RebuildNativeTypeToScriptingClass (10ms)
	initialDomainReloadingComplete (53ms)
	LoadAllAssembliesAndSetupDomain (175ms)
		LoadAssemblies (99ms)
		AnalyzeDomain (166ms)
			TypeCache.Refresh (165ms)
				TypeCache.ScanAssembly (151ms)
	FinalizeReload (649ms)
		SetupLoadedEditorAssemblies (0ms)
			InitializePlatformSupportModulesInManaged (329ms)
			BeforeProcessingInitializeOnLoad (75ms)
			ProcessInitializeOnLoadAttributes (88ms)
			ProcessInitializeOnLoadMethodAttributes (91ms)
Got setting from build profile YAML, name `m_BuildSubtarget`, value `0`
Got setting from build profile YAML, name `m_BuildSubtarget`, value `0`
========================================================================
Worker process is ready to serve import requests
Import Worker Mode flag is 0x00
Got setting from build profile YAML, name `m_BuildSubtarget`, value `0`
Got setting from build profile YAML, name `m_BuildSubtarget`, value `0`
Got setting from build profile YAML, name `m_BuildSubtarget`, value `0`
Got setting from build profile YAML, name `m_BuildSubtarget`, value `0`
Begin MonoManager ReloadAssembly
Got setting from build profile YAML, name `m_Development`, value `1`
Got setting from build profile YAML, name `m_BuildSubtarget`, value `0`
Got setting from build profile YAML, name `m_BuildSubtarget`, value `0`
Got setting from build profile YAML, name `m_BuildSubtarget`, value `0`
[Licensing::Client] Successfully resolved entitlement details
Launched and connected shader compiler UnityShaderCompiler.exe after 0.02 seconds
Assembly Assembly-CSharp-Editor-firstpass-testable.dll at Library/ScriptAssemblies/Assembly-CSharp-Editor-firstpass-testable.dll not valid. Loading of assembly skipped.
Assembly Assembly-CSharp-Editor-firstpass.dll at Library/ScriptAssemblies/Assembly-CSharp-Editor-firstpass.dll not valid. Loading of assembly skipped.
Assembly DocCodeExamples.dll at Library/ScriptAssemblies/DocCodeExamples.dll not valid. Loading of assembly skipped.
Assembly TestNewCustomAssembly.dll at Library/ScriptAssemblies/TestNewCustomAssembly.dll not valid. Loading of assembly skipped.
Assembly Unity.2D.Animation.EditorTests.dll at Library/ScriptAssemblies/Unity.2D.Animation.EditorTests.dll not valid. Loading of assembly skipped.
Assembly Unity.2D.Aseprite.EditorTests.dll at Library/ScriptAssemblies/Unity.2D.Aseprite.EditorTests.dll not valid. Loading of assembly skipped.
Assembly Unity.2D.Common.EditorTests.dll at Library/ScriptAssemblies/Unity.2D.Common.EditorTests.dll not valid. Loading of assembly skipped.
Assembly Unity.2D.Psdimporter.EditorTests.dll at Library/ScriptAssemblies/Unity.2D.Psdimporter.EditorTests.dll not valid. Loading of assembly skipped.
Assembly Unity.2D.Sprite.Package.EditorTests.dll at Library/ScriptAssemblies/Unity.2D.Sprite.Package.EditorTests.dll not valid. Loading of assembly skipped.
Assembly Unity.2D.SpriteShape.EditorTests.dll at Library/ScriptAssemblies/Unity.2D.SpriteShape.EditorTests.dll not valid. Loading of assembly skipped.
Assembly Unity.2D.Tilemap.Package.EditorTests.dll at Library/ScriptAssemblies/Unity.2D.Tilemap.Package.EditorTests.dll not valid. Loading of assembly skipped.
Assembly Unity.Collections.BurstCompatibilityGen.dll at Library/ScriptAssemblies/Unity.Collections.BurstCompatibilityGen.dll not valid. Loading of assembly skipped.
Assembly Unity.Collections.DocCodeSamples.dll at Library/ScriptAssemblies/Unity.Collections.DocCodeSamples.dll not valid. Loading of assembly skipped.
Assembly Unity.Collections.PerformanceTests.dll at Library/ScriptAssemblies/Unity.Collections.PerformanceTests.dll not valid. Loading of assembly skipped.
Assembly Unity.Collections.Tests.dll at Library/ScriptAssemblies/Unity.Collections.Tests.dll not valid. Loading of assembly skipped.
Assembly Unity.Collections.Tests.Playmode.dll at Library/ScriptAssemblies/Unity.Collections.Tests.Playmode.dll not valid. Loading of assembly skipped.
Assembly Unity.InputSystem.IntegrationTests.dll at Library/ScriptAssemblies/Unity.InputSystem.IntegrationTests.dll not valid. Loading of assembly skipped.
Assembly Unity.Mathematics.Tests.dll at Library/ScriptAssemblies/Unity.Mathematics.Tests.dll not valid. Loading of assembly skipped.
Assembly Unity.Multiplayer.Center.Editor.Tests.dll at Library/ScriptAssemblies/Unity.Multiplayer.Center.Editor.Tests.dll not valid. Loading of assembly skipped.
Assembly Unity.Multiplayer.Center.Tests.dll at Library/ScriptAssemblies/Unity.Multiplayer.Center.Tests.dll not valid. Loading of assembly skipped.
Assembly Unity.Nuget.Mono-Cecil.dll at Library/ScriptAssemblies/Unity.Nuget.Mono-Cecil.dll not valid. Loading of assembly skipped.
Assembly Unity.PathTracing.Editor.Tests.dll at Library/ScriptAssemblies/Unity.PathTracing.Editor.Tests.dll not valid. Loading of assembly skipped.
Assembly Unity.PathTracing.Runtime.Tests.dll at Library/ScriptAssemblies/Unity.PathTracing.Runtime.Tests.dll not valid. Loading of assembly skipped.
Assembly Unity.RenderPipelines.Core.Editor.Tests.dll at Library/ScriptAssemblies/Unity.RenderPipelines.Core.Editor.Tests.dll not valid. Loading of assembly skipped.
Assembly Unity.RenderPipelines.Core.Runtime.Tests.dll at Library/ScriptAssemblies/Unity.RenderPipelines.Core.Runtime.Tests.dll not valid. Loading of assembly skipped.
Assembly Unity.RenderPipelines.Universal.Config.Editor.Tests.dll at Library/ScriptAssemblies/Unity.RenderPipelines.Universal.Config.Editor.Tests.dll not valid. Loading of assembly skipped.
Assembly Unity.RenderPipelines.Universal.Editor.Tests.dll at Library/ScriptAssemblies/Unity.RenderPipelines.Universal.Editor.Tests.dll not valid. Loading of assembly skipped.
Assembly Unity.RenderPipelines.Universal.Runtime.Tests.dll at Library/ScriptAssemblies/Unity.RenderPipelines.Universal.Runtime.Tests.dll not valid. Loading of assembly skipped.
Assembly Unity.Searcher.EditorTests.dll at Library/ScriptAssemblies/Unity.Searcher.EditorTests.dll not valid. Loading of assembly skipped.
Assembly Unity.Services.Authentication.PlayerAccounts.EditorTests.dll at Library/ScriptAssemblies/Unity.Services.Authentication.PlayerAccounts.EditorTests.dll not valid. Loading of assembly skipped.
Assembly Unity.Services.Authentication.PlayerAccounts.Tests.dll at Library/ScriptAssemblies/Unity.Services.Authentication.PlayerAccounts.Tests.dll not valid. Loading of assembly skipped.
Assembly Unity.Services.Authentication.Server.dll at Library/ScriptAssemblies/Unity.Services.Authentication.Server.dll not valid. Loading of assembly skipped.
Assembly Unity.Services.Authentication.Server.Tests.dll at Library/ScriptAssemblies/Unity.Services.Authentication.Server.Tests.dll not valid. Loading of assembly skipped.
Assembly Unity.Services.Multiplayer.Server.dll at Library/ScriptAssemblies/Unity.Services.Multiplayer.Server.dll not valid. Loading of assembly skipped.
Assembly Unity.ShaderGraph.Editor.Tests.dll at Library/ScriptAssemblies/Unity.ShaderGraph.Editor.Tests.dll not valid. Loading of assembly skipped.
Assembly Unity.TextMeshPro.Editor.Tests.dll at Library/ScriptAssemblies/Unity.TextMeshPro.Editor.Tests.dll not valid. Loading of assembly skipped.
Assembly Unity.TextMeshPro.Tests.dll at Library/ScriptAssemblies/Unity.TextMeshPro.Tests.dll not valid. Loading of assembly skipped.
Assembly Unity.UnifiedRayTracing.Editor.Tests.dll at Library/ScriptAssemblies/Unity.UnifiedRayTracing.Editor.Tests.dll not valid. Loading of assembly skipped.
Assembly UnityEditor.UI.Common.Tests.dll at Library/ScriptAssemblies/UnityEditor.UI.Common.Tests.dll not valid. Loading of assembly skipped.
Assembly UnityEditor.UI.EditorTests.dll at Library/ScriptAssemblies/UnityEditor.UI.EditorTests.dll not valid. Loading of assembly skipped.
Assembly UnityEngine.UI.Tests.dll at Library/ScriptAssemblies/UnityEngine.UI.Tests.dll not valid. Loading of assembly skipped.
Symbol file LoadedFromMemory is not a mono symbol file
Refreshing native plugins compatible for Editor in 3.23 ms, found 7 plugins.
Native extension for iOS target not found
Native extension for Android target not found
Native extension for WindowsStandalone target not found
[Package Manager] Failed to launch server process. Reason: Unity was launched with the -noUpm command-line argument
[Package Manager] Unable to send message (not connected to server process).
[Package Manager] Cannot connect to Unity Package Manager local server
[Package Manager] Failed to launch server process. Reason: Unity was launched with the -noUpm command-line argument
[Package Manager] Unable to send message (not connected to server process).
[Package Manager] Cannot connect to Unity Package Manager local server
ScheduleIndexationOnStartup MainProcess:False IndexOnStartup:True
Mono: successfully reloaded assembly
- Finished resetting the current domain, in  1.165 seconds
Domain Reload Profiling: 2550ms
	BeginReloadAssembly (480ms)
		DisableScriptedObjects (288ms)
		CreateAndSetChildDomain (27ms)
	RebuildCommonClasses (30ms)
	RebuildNativeTypeToScriptingClass (9ms)
	initialDomainReloadingComplete (101ms)
	LoadAllAssembliesAndSetupDomain (764ms)
		LoadAssemblies (541ms)
		AnalyzeDomain (300ms)
			TypeCache.Refresh (206ms)
				TypeCache.ScanAssembly (186ms)
			BuildScriptInfoCaches (82ms)
			ResolveRequiredComponents (9ms)
	FinalizeReload (1165ms)
		SetupLoadedEditorAssemblies (0ms)
			InitializePlatformSupportModulesInManaged (9ms)
			BeforeProcessingInitializeOnLoad (199ms)
			ProcessInitializeOnLoadAttributes (549ms)
			ProcessInitializeOnLoadMethodAttributes (202ms)
			AfterProcessingInitializeOnLoad (3ms)
		AwakeInstancesAfterBackupRestoration (12ms)
Refreshing native plugins compatible for Editor in 3.29 ms, found 7 plugins.
Unloading 24 Unused Serialized files (Serialized files now loaded: 0)
Unloading 8893 unused Assets / (5.8 MB). Loaded Objects now: 9691.
Memory consumption went from 190.4 MB to 184.5 MB.
Total: 7.811700 ms (FindLiveObjects: 0.662600 ms CreateObjectMapping: 0.612400 ms MarkObjects: 4.659500 ms  DeleteObjects: 1.875400 ms)

========================================================================
Received Prepare
Refreshing native plugins compatible for Editor in 4.17 ms, found 7 plugins.
Unloading 24 Unused Serialized files (Serialized files now loaded: 0)
Unloading 8798 unused Assets / (6.6 MB). Loaded Objects now: 9692.
Memory consumption went from 180.6 MB to 174.0 MB.
Total: 9.552400 ms (FindLiveObjects: 0.767300 ms CreateObjectMapping: 0.649800 ms MarkObjects: 5.256000 ms  DeleteObjects: 2.877800 ms)

Prepare: number of updated asset objects reloaded= 0
EnvironmentDependencyValues requested are different than current active one (requested -> active):
  graphicsApiMask: 2099200 -> 2361344
========================================================================
Received Import Request.
  Time since last request: 39172.526141 seconds.
  path: Assets/Status/Scripts/Game/DrawCardShowcase.cs
  importAddress: Guid(3c4700f8a84122548b6899d8dbcc06ea) Importer(2089858483,b0f066a214c2f5e87bad3c948f4d605d)
Start importing Assets/Status/Scripts/Game/DrawCardShowcase.cs using Guid(3c4700f8a84122548b6899d8dbcc06ea) Importer(2089858483,b0f066a214c2f5e87bad3c948f4d605d) (ScriptedImporter) -> (Import Result ID: '54d14a11203a58c21bfa8bcc6654d52f') in 0.0784186 seconds [static and dynamic dependencies]. Details - ImportResultOutputID=406a85860b5a53a7555b6d7273f1961d DependenciesID=6b15d80ad69a4ed382d960566c014d98 StaticDependenciesID=20c1031d9753fe56e5ea47401c1c4ce6 
Number of updated asset objects reloaded before import = 0Number of asset objects unloaded after import = 0

========================================================================
Received Prepare
Begin MonoManager ReloadAssembly
Assembly Assembly-CSharp-Editor-firstpass-testable.dll at Library/ScriptAssemblies/Assembly-CSharp-Editor-firstpass-testable.dll not valid. Loading of assembly skipped.
Assembly Assembly-CSharp-Editor-firstpass.dll at Library/ScriptAssemblies/Assembly-CSharp-Editor-firstpass.dll not valid. Loading of assembly skipped.
Assembly DocCodeExamples.dll at Library/ScriptAssemblies/DocCodeExamples.dll not valid. Loading of assembly skipped.
Assembly TestNewCustomAssembly.dll at Library/ScriptAssemblies/TestNewCustomAssembly.dll not valid. Loading of assembly skipped.
Assembly Unity.2D.Animation.EditorTests.dll at Library/ScriptAssemblies/Unity.2D.Animation.EditorTests.dll not valid. Loading of assembly skipped.
Assembly Unity.2D.Aseprite.EditorTests.dll at Library/ScriptAssemblies/Unity.2D.Aseprite.EditorTests.dll not valid. Loading of assembly skipped.
Assembly Unity.2D.Common.EditorTests.dll at Library/ScriptAssemblies/Unity.2D.Common.EditorTests.dll not valid. Loading of assembly skipped.
Assembly Unity.2D.Psdimporter.EditorTests.dll at Library/ScriptAssemblies/Unity.2D.Psdimporter.EditorTests.dll not valid. Loading of assembly skipped.
Assembly Unity.2D.Sprite.Package.EditorTests.dll at Library/ScriptAssemblies/Unity.2D.Sprite.Package.EditorTests.dll not valid. Loading of assembly skipped.
Assembly Unity.2D.SpriteShape.EditorTests.dll at Library/ScriptAssemblies/Unity.2D.SpriteShape.EditorTests.dll not valid. Loading of assembly skipped.
Assembly Unity.2D.Tilemap.Package.EditorTests.dll at Library/ScriptAssemblies/Unity.2D.Tilemap.Package.EditorTests.dll not valid. Loading of assembly skipped.
Assembly Unity.Collections.BurstCompatibilityGen.dll at Library/ScriptAssemblies/Unity.Collections.BurstCompatibilityGen.dll not valid. Loading of assembly skipped.
Assembly Unity.Collections.DocCodeSamples.dll at Library/ScriptAssemblies/Unity.Collections.DocCodeSamples.dll not valid. Loading of assembly skipped.
Assembly Unity.Collections.PerformanceTests.dll at Library/ScriptAssemblies/Unity.Collections.PerformanceTests.dll not valid. Loading of assembly skipped.
Assembly Unity.Collections.Tests.dll at Library/ScriptAssemblies/Unity.Collections.Tests.dll not valid. Loading of assembly skipped.
Assembly Unity.Collections.Tests.Playmode.dll at Library/ScriptAssemblies/Unity.Collections.Tests.Playmode.dll not valid. Loading of assembly skipped.
Assembly Unity.InputSystem.IntegrationTests.dll at Library/ScriptAssemblies/Unity.InputSystem.IntegrationTests.dll not valid. Loading of assembly skipped.
Assembly Unity.Mathematics.Tests.dll at Library/ScriptAssemblies/Unity.Mathematics.Tests.dll not valid. Loading of assembly skipped.
Assembly Unity.Multiplayer.Center.Editor.Tests.dll at Library/ScriptAssemblies/Unity.Multiplayer.Center.Editor.Tests.dll not valid. Loading of assembly skipped.
Assembly Unity.Multiplayer.Center.Tests.dll at Library/ScriptAssemblies/Unity.Multiplayer.Center.Tests.dll not valid. Loading of assembly skipped.
Assembly Unity.Nuget.Mono-Cecil.dll at Library/ScriptAssemblies/Unity.Nuget.Mono-Cecil.dll not valid. Loading of assembly skipped.
Assembly Unity.PathTracing.Editor.Tests.dll at Library/ScriptAssemblies/Unity.PathTracing.Editor.Tests.dll not valid. Loading of assembly skipped.
Assembly Unity.PathTracing.Runtime.Tests.dll at Library/ScriptAssemblies/Unity.PathTracing.Runtime.Tests.dll not valid. Loading of assembly skipped.
Assembly Unity.RenderPipelines.Core.Editor.Tests.dll at Library/ScriptAssemblies/Unity.RenderPipelines.Core.Editor.Tests.dll not valid. Loading of assembly skipped.
Assembly Unity.RenderPipelines.Core.Runtime.Tests.dll at Library/ScriptAssemblies/Unity.RenderPipelines.Core.Runtime.Tests.dll not valid. Loading of assembly skipped.
Assembly Unity.RenderPipelines.Universal.Config.Editor.Tests.dll at Library/ScriptAssemblies/Unity.RenderPipelines.Universal.Config.Editor.Tests.dll not valid. Loading of assembly skipped.
Assembly Unity.RenderPipelines.Universal.Editor.Tests.dll at Library/ScriptAssemblies/Unity.RenderPipelines.Universal.Editor.Tests.dll not valid. Loading of assembly skipped.
Assembly Unity.RenderPipelines.Universal.Runtime.Tests.dll at Library/ScriptAssemblies/Unity.RenderPipelines.Universal.Runtime.Tests.dll not valid. Loading of assembly skipped.
Assembly Unity.Searcher.EditorTests.dll at Library/ScriptAssemblies/Unity.Searcher.EditorTests.dll not valid. Loading of assembly skipped.
Assembly Unity.Services.Authentication.PlayerAccounts.EditorTests.dll at Library/ScriptAssemblies/Unity.Services.Authentication.PlayerAccounts.EditorTests.dll not valid. Loading of assembly skipped.
Assembly Unity.Services.Authentication.PlayerAccounts.Tests.dll at Library/ScriptAssemblies/Unity.Services.Authentication.PlayerAccounts.Tests.dll not valid. Loading of assembly skipped.
Assembly Unity.Services.Authentication.Server.dll at Library/ScriptAssemblies/Unity.Services.Authentication.Server.dll not valid. Loading of assembly skipped.
Assembly Unity.Services.Authentication.Server.Tests.dll at Library/ScriptAssemblies/Unity.Services.Authentication.Server.Tests.dll not valid. Loading of assembly skipped.
Assembly Unity.Services.Multiplayer.Server.dll at Library/ScriptAssemblies/Unity.Services.Multiplayer.Server.dll not valid. Loading of assembly skipped.
Assembly Unity.ShaderGraph.Editor.Tests.dll at Library/ScriptAssemblies/Unity.ShaderGraph.Editor.Tests.dll not valid. Loading of assembly skipped.
Assembly Unity.TextMeshPro.Editor.Tests.dll at Library/ScriptAssemblies/Unity.TextMeshPro.Editor.Tests.dll not valid. Loading of assembly skipped.
Assembly Unity.TextMeshPro.Tests.dll at Library/ScriptAssemblies/Unity.TextMeshPro.Tests.dll not valid. Loading of assembly skipped.
Assembly Unity.UnifiedRayTracing.Editor.Tests.dll at Library/ScriptAssemblies/Unity.UnifiedRayTracing.Editor.Tests.dll not valid. Loading of assembly skipped.
Assembly UnityEditor.UI.Common.Tests.dll at Library/ScriptAssemblies/UnityEditor.UI.Common.Tests.dll not valid. Loading of assembly skipped.
Assembly UnityEditor.UI.EditorTests.dll at Library/ScriptAssemblies/UnityEditor.UI.EditorTests.dll not valid. Loading of assembly skipped.
Assembly UnityEngine.UI.Tests.dll at Library/ScriptAssemblies/UnityEngine.UI.Tests.dll not valid. Loading of assembly skipped.
Symbol file LoadedFromMemory is not a mono symbol file
Refreshing native plugins compatible for Editor in 3.41 ms, found 7 plugins.
Native extension for iOS target not found
Native extension for Android target not found
Native extension for WindowsStandalone target not found
[Package Manager] Failed to launch server process. Reason: Unity was launched with the -noUpm command-line argument
[Package Manager] Unable to send message (not connected to server process).
[Package Manager] Cannot connect to Unity Package Manager local server
[Package Manager] Failed to launch server process. Reason: Unity was launched with the -noUpm command-line argument
[Package Manager] Unable to send message (not connected to server process).
[Package Manager] Cannot connect to Unity Package Manager local server
ScheduleIndexationOnStartup MainProcess:False IndexOnStartup:True
Mono: successfully reloaded assembly
- Finished resetting the current domain, in  1.152 seconds
Domain Reload Profiling: 2143ms
	BeginReloadAssembly (236ms)
		DisableScriptedObjects (21ms)
		CreateAndSetChildDomain (63ms)
	RebuildCommonClasses (32ms)
	RebuildNativeTypeToScriptingClass (14ms)
	initialDomainReloadingComplete (77ms)
	LoadAllAssembliesAndSetupDomain (632ms)
		LoadAssemblies (478ms)
		AnalyzeDomain (241ms)
			TypeCache.Refresh (15ms)
			BuildScriptInfoCaches (214ms)
			ResolveRequiredComponents (10ms)
	FinalizeReload (1152ms)
		SetupLoadedEditorAssemblies (0ms)
			InitializePlatformSupportModulesInManaged (12ms)
			BeforeProcessingInitializeOnLoad (223ms)
			ProcessInitializeOnLoadAttributes (538ms)
			ProcessInitializeOnLoadMethodAttributes (178ms)
			AfterProcessingInitializeOnLoad (4ms)
		AwakeInstancesAfterBackupRestoration (23ms)
Refreshing native plugins compatible for Editor in 3.97 ms, found 7 plugins.
Unloading 24 Unused Serialized files (Serialized files now loaded: 0)
Unloading 8891 unused Assets / (5.8 MB). Loaded Objects now: 9699.
Memory consumption went from 189.4 MB to 183.6 MB.
Total: 7.828700 ms (FindLiveObjects: 0.769200 ms CreateObjectMapping: 0.398800 ms MarkObjects: 4.566100 ms  DeleteObjects: 2.093300 ms)

Prepare: number of updated asset objects reloaded= 0
EnvironmentDependencyValues requested are different than current active one (requested -> active):
  graphicsApiMask: 2099200 -> 2361344
========================================================================
Received Import Request.
  Time since last request: 26.481928 seconds.
  path: Assets/Status/Scripts/Game/DrawCardShowcase.cs
  importAddress: Guid(3c4700f8a84122548b6899d8dbcc06ea) Importer(815301076,1909f56bfc062723c751e8b465ee728b)
Start importing Assets/Status/Scripts/Game/DrawCardShowcase.cs using Guid(3c4700f8a84122548b6899d8dbcc06ea) Importer(815301076,1909f56bfc062723c751e8b465ee728b) (PreviewImporter) -> (Import Result ID: 'b5ca58502db797923e569b4075ba5f6f') in 0.003617 seconds [static and dynamic dependencies]. Details - ImportResultOutputID=8fa77677b5870d3ef04de073ed85361d DependenciesID=c3bdd94cb348b0a970ec40416689c72a StaticDependenciesID=eed3276d385704e459d9a477705ebcf2 
Number of updated asset objects reloaded before import = 0Number of asset objects unloaded after import = 0

========================================================================
Received Prepare
Refreshing native plugins compatible for Editor in 14.04 ms, found 7 plugins.
Unloading 24 Unused Serialized files (Serialized files now loaded: 0)
Unloading 8798 unused Assets / (6.5 MB). Loaded Objects now: 9699.
Memory consumption went from 181.8 MB to 175.3 MB.
Total: 17.783000 ms (FindLiveObjects: 1.220700 ms CreateObjectMapping: 0.732400 ms MarkObjects: 11.198100 ms  DeleteObjects: 4.629700 ms)

Prepare: number of updated asset objects reloaded= 0
EnvironmentDependencyValues requested are different than current active one (requested -> active):
  graphicsApiMask: 2099200 -> 2361344
========================================================================
Received Prepare
[Licensing::Client] Successfully resolved entitlement details
Begin MonoManager ReloadAssembly
[Licensing::Client] Successfully resolved entitlement details
Assembly Assembly-CSharp-Editor-firstpass-testable.dll at Library/ScriptAssemblies/Assembly-CSharp-Editor-firstpass-testable.dll not valid. Loading of assembly skipped.
Assembly Assembly-CSharp-Editor-firstpass.dll at Library/ScriptAssemblies/Assembly-CSharp-Editor-firstpass.dll not valid. Loading of assembly skipped.
Assembly DocCodeExamples.dll at Library/ScriptAssemblies/DocCodeExamples.dll not valid. Loading of assembly skipped.
Assembly TestNewCustomAssembly.dll at Library/ScriptAssemblies/TestNewCustomAssembly.dll not valid. Loading of assembly skipped.
Assembly Unity.2D.Animation.EditorTests.dll at Library/ScriptAssemblies/Unity.2D.Animation.EditorTests.dll not valid. Loading of assembly skipped.
Assembly Unity.2D.Aseprite.EditorTests.dll at Library/ScriptAssemblies/Unity.2D.Aseprite.EditorTests.dll not valid. Loading of assembly skipped.
Assembly Unity.2D.Common.EditorTests.dll at Library/ScriptAssemblies/Unity.2D.Common.EditorTests.dll not valid. Loading of assembly skipped.
Assembly Unity.2D.Psdimporter.EditorTests.dll at Library/ScriptAssemblies/Unity.2D.Psdimporter.EditorTests.dll not valid. Loading of assembly skipped.
Assembly Unity.2D.Sprite.Package.EditorTests.dll at Library/ScriptAssemblies/Unity.2D.Sprite.Package.EditorTests.dll not valid. Loading of assembly skipped.
Assembly Unity.2D.SpriteShape.EditorTests.dll at Library/ScriptAssemblies/Unity.2D.SpriteShape.EditorTests.dll not valid. Loading of assembly skipped.
Assembly Unity.2D.Tilemap.Package.EditorTests.dll at Library/ScriptAssemblies/Unity.2D.Tilemap.Package.EditorTests.dll not valid. Loading of assembly skipped.
Assembly Unity.Collections.BurstCompatibilityGen.dll at Library/ScriptAssemblies/Unity.Collections.BurstCompatibilityGen.dll not valid. Loading of assembly skipped.
Assembly Unity.Collections.DocCodeSamples.dll at Library/ScriptAssemblies/Unity.Collections.DocCodeSamples.dll not valid. Loading of assembly skipped.
Assembly Unity.Collections.PerformanceTests.dll at Library/ScriptAssemblies/Unity.Collections.PerformanceTests.dll not valid. Loading of assembly skipped.
Assembly Unity.Collections.Tests.dll at Library/ScriptAssemblies/Unity.Collections.Tests.dll not valid. Loading of assembly skipped.
Assembly Unity.Collections.Tests.Playmode.dll at Library/ScriptAssemblies/Unity.Collections.Tests.Playmode.dll not valid. Loading of assembly skipped.
Assembly Unity.InputSystem.IntegrationTests.dll at Library/ScriptAssemblies/Unity.InputSystem.IntegrationTests.dll not valid. Loading of assembly skipped.
Assembly Unity.Mathematics.Tests.dll at Library/ScriptAssemblies/Unity.Mathematics.Tests.dll not valid. Loading of assembly skipped.
Assembly Unity.Multiplayer.Center.Editor.Tests.dll at Library/ScriptAssemblies/Unity.Multiplayer.Center.Editor.Tests.dll not valid. Loading of assembly skipped.
Assembly Unity.Multiplayer.Center.Tests.dll at Library/ScriptAssemblies/Unity.Multiplayer.Center.Tests.dll not valid. Loading of assembly skipped.
Assembly Unity.Nuget.Mono-Cecil.dll at Library/ScriptAssemblies/Unity.Nuget.Mono-Cecil.dll not valid. Loading of assembly skipped.
Assembly Unity.PathTracing.Editor.Tests.dll at Library/ScriptAssemblies/Unity.PathTracing.Editor.Tests.dll not valid. Loading of assembly skipped.
Assembly Unity.PathTracing.Runtime.Tests.dll at Library/ScriptAssemblies/Unity.PathTracing.Runtime.Tests.dll not valid. Loading of assembly skipped.
Assembly Unity.RenderPipelines.Core.Editor.Tests.dll at Library/ScriptAssemblies/Unity.RenderPipelines.Core.Editor.Tests.dll not valid. Loading of assembly skipped.
Assembly Unity.RenderPipelines.Core.Runtime.Tests.dll at Library/ScriptAssemblies/Unity.RenderPipelines.Core.Runtime.Tests.dll not valid. Loading of assembly skipped.
Assembly Unity.RenderPipelines.Universal.Config.Editor.Tests.dll at Library/ScriptAssemblies/Unity.RenderPipelines.Universal.Config.Editor.Tests.dll not valid. Loading of assembly skipped.
Assembly Unity.RenderPipelines.Universal.Editor.Tests.dll at Library/ScriptAssemblies/Unity.RenderPipelines.Universal.Editor.Tests.dll not valid. Loading of assembly skipped.
Assembly Unity.RenderPipelines.Universal.Runtime.Tests.dll at Library/ScriptAssemblies/Unity.RenderPipelines.Universal.Runtime.Tests.dll not valid. Loading of assembly skipped.
Assembly Unity.Searcher.EditorTests.dll at Library/ScriptAssemblies/Unity.Searcher.EditorTests.dll not valid. Loading of assembly skipped.
Assembly Unity.Services.Authentication.PlayerAccounts.EditorTests.dll at Library/ScriptAssemblies/Unity.Services.Authentication.PlayerAccounts.EditorTests.dll not valid. Loading of assembly skipped.
Assembly Unity.Services.Authentication.PlayerAccounts.Tests.dll at Library/ScriptAssemblies/Unity.Services.Authentication.PlayerAccounts.Tests.dll not valid. Loading of assembly skipped.
Assembly Unity.Services.Authentication.Server.dll at Library/ScriptAssemblies/Unity.Services.Authentication.Server.dll not valid. Loading of assembly skipped.
Assembly Unity.Services.Authentication.Server.Tests.dll at Library/ScriptAssemblies/Unity.Services.Authentication.Server.Tests.dll not valid. Loading of assembly skipped.
Assembly Unity.Services.Multiplayer.Server.dll at Library/ScriptAssemblies/Unity.Services.Multiplayer.Server.dll not valid. Loading of assembly skipped.
Assembly Unity.ShaderGraph.Editor.Tests.dll at Library/ScriptAssemblies/Unity.ShaderGraph.Editor.Tests.dll not valid. Loading of assembly skipped.
Assembly Unity.TextMeshPro.Editor.Tests.dll at Library/ScriptAssemblies/Unity.TextMeshPro.Editor.Tests.dll not valid. Loading of assembly skipped.
Assembly Unity.TextMeshPro.Tests.dll at Library/ScriptAssemblies/Unity.TextMeshPro.Tests.dll not valid. Loading of assembly skipped.
Assembly Unity.UnifiedRayTracing.Editor.Tests.dll at Library/ScriptAssemblies/Unity.UnifiedRayTracing.Editor.Tests.dll not valid. Loading of assembly skipped.
Assembly UnityEditor.UI.Common.Tests.dll at Library/ScriptAssemblies/UnityEditor.UI.Common.Tests.dll not valid. Loading of assembly skipped.
Assembly UnityEditor.UI.EditorTests.dll at Library/ScriptAssemblies/UnityEditor.UI.EditorTests.dll not valid. Loading of assembly skipped.
Assembly UnityEngine.UI.Tests.dll at Library/ScriptAssemblies/UnityEngine.UI.Tests.dll not valid. Loading of assembly skipped.
Symbol file LoadedFromMemory is not a mono symbol file
Refreshing native plugins compatible for Editor in 12.26 ms, found 7 plugins.
Native extension for iOS target not found
Native extension for Android target not found
Native extension for WindowsStandalone target not found
[Package Manager] Failed to launch server process. Reason: Unity was launched with the -noUpm command-line argument
[Package Manager] Unable to send message (not connected to server process).
[Package Manager] Cannot connect to Unity Package Manager local server
[Package Manager] Failed to launch server process. Reason: Unity was launched with the -noUpm command-line argument
[Package Manager] Unable to send message (not connected to server process).
[Package Manager] Cannot connect to Unity Package Manager local server
ScheduleIndexationOnStartup MainProcess:False IndexOnStartup:True
Mono: successfully reloaded assembly
- Finished resetting the current domain, in  3.124 seconds
Domain Reload Profiling: 5516ms
	BeginReloadAssembly (493ms)
		DisableScriptedObjects (73ms)
		CreateAndSetChildDomain (118ms)
	RebuildCommonClasses (68ms)
	RebuildNativeTypeToScriptingClass (28ms)
	initialDomainReloadingComplete (191ms)
	LoadAllAssembliesAndSetupDomain (1611ms)
		LoadAssemblies (1204ms)
		AnalyzeDomain (589ms)
			TypeCache.Refresh (32ms)
				TypeCache.ScanAssembly (4ms)
			BuildScriptInfoCaches (533ms)
			ResolveRequiredComponents (21ms)
	FinalizeReload (3125ms)
		SetupLoadedEditorAssemblies (0ms)
			InitializePlatformSupportModulesInManaged (31ms)
			BeforeProcessingInitializeOnLoad (627ms)
			ProcessInitializeOnLoadAttributes (1444ms)
			ProcessInitializeOnLoadMethodAttributes (462ms)
			AfterProcessingInitializeOnLoad (13ms)
		AwakeInstancesAfterBackupRestoration (53ms)
Refreshing native plugins compatible for Editor in 14.07 ms, found 7 plugins.
Unloading 24 Unused Serialized files (Serialized files now loaded: 0)
Unloading 8891 unused Assets / (5.6 MB). Loaded Objects now: 9703.
Memory consumption went from 189.9 MB to 184.4 MB.
Total: 20.144000 ms (FindLiveObjects: 1.537000 ms CreateObjectMapping: 0.741200 ms MarkObjects: 12.550500 ms  DeleteObjects: 5.311100 ms)

Prepare: number of updated asset objects reloaded= 0
EnvironmentDependencyValues requested are different than current active one (requested -> active):
  graphicsApiMask: 2099200 -> 2361344
========================================================================
Received Prepare
Refreshing native plugins compatible for Editor in 14.95 ms, found 7 plugins.
Unloading 24 Unused Serialized files (Serialized files now loaded: 0)
Unloading 8798 unused Assets / (5.3 MB). Loaded Objects now: 9703.
Memory consumption went from 183.4 MB to 178.1 MB.
Total: 20.381600 ms (FindLiveObjects: 1.895400 ms CreateObjectMapping: 1.132600 ms MarkObjects: 12.055500 ms  DeleteObjects: 5.296400 ms)

Prepare: number of updated asset objects reloaded= 0
EnvironmentDependencyValues requested are different than current active one (requested -> active):
  graphicsApiMask: 2099200 -> 2361344
========================================================================
Received Prepare
Begin MonoManager ReloadAssembly
Assembly Assembly-CSharp-Editor-firstpass-testable.dll at Library/ScriptAssemblies/Assembly-CSharp-Editor-firstpass-testable.dll not valid. Loading of assembly skipped.
Assembly Assembly-CSharp-Editor-firstpass.dll at Library/ScriptAssemblies/Assembly-CSharp-Editor-firstpass.dll not valid. Loading of assembly skipped.
Assembly DocCodeExamples.dll at Library/ScriptAssemblies/DocCodeExamples.dll not valid. Loading of assembly skipped.
Assembly TestNewCustomAssembly.dll at Library/ScriptAssemblies/TestNewCustomAssembly.dll not valid. Loading of assembly skipped.
Assembly Unity.2D.Animation.EditorTests.dll at Library/ScriptAssemblies/Unity.2D.Animation.EditorTests.dll not valid. Loading of assembly skipped.
Assembly Unity.2D.Aseprite.EditorTests.dll at Library/ScriptAssemblies/Unity.2D.Aseprite.EditorTests.dll not valid. Loading of assembly skipped.
Assembly Unity.2D.Common.EditorTests.dll at Library/ScriptAssemblies/Unity.2D.Common.EditorTests.dll not valid. Loading of assembly skipped.
Assembly Unity.2D.Psdimporter.EditorTests.dll at Library/ScriptAssemblies/Unity.2D.Psdimporter.EditorTests.dll not valid. Loading of assembly skipped.
Assembly Unity.2D.Sprite.Package.EditorTests.dll at Library/ScriptAssemblies/Unity.2D.Sprite.Package.EditorTests.dll not valid. Loading of assembly skipped.
Assembly Unity.2D.SpriteShape.EditorTests.dll at Library/ScriptAssemblies/Unity.2D.SpriteShape.EditorTests.dll not valid. Loading of assembly skipped.
Assembly Unity.2D.Tilemap.Package.EditorTests.dll at Library/ScriptAssemblies/Unity.2D.Tilemap.Package.EditorTests.dll not valid. Loading of assembly skipped.
Assembly Unity.Collections.BurstCompatibilityGen.dll at Library/ScriptAssemblies/Unity.Collections.BurstCompatibilityGen.dll not valid. Loading of assembly skipped.
Assembly Unity.Collections.DocCodeSamples.dll at Library/ScriptAssemblies/Unity.Collections.DocCodeSamples.dll not valid. Loading of assembly skipped.
Assembly Unity.Collections.PerformanceTests.dll at Library/ScriptAssemblies/Unity.Collections.PerformanceTests.dll not valid. Loading of assembly skipped.
Assembly Unity.Collections.Tests.dll at Library/ScriptAssemblies/Unity.Collections.Tests.dll not valid. Loading of assembly skipped.
Assembly Unity.Collections.Tests.Playmode.dll at Library/ScriptAssemblies/Unity.Collections.Tests.Playmode.dll not valid. Loading of assembly skipped.
Assembly Unity.InputSystem.IntegrationTests.dll at Library/ScriptAssemblies/Unity.InputSystem.IntegrationTests.dll not valid. Loading of assembly skipped.
Assembly Unity.Mathematics.Tests.dll at Library/ScriptAssemblies/Unity.Mathematics.Tests.dll not valid. Loading of assembly skipped.
Assembly Unity.Multiplayer.Center.Editor.Tests.dll at Library/ScriptAssemblies/Unity.Multiplayer.Center.Editor.Tests.dll not valid. Loading of assembly skipped.
Assembly Unity.Multiplayer.Center.Tests.dll at Library/ScriptAssemblies/Unity.Multiplayer.Center.Tests.dll not valid. Loading of assembly skipped.
Assembly Unity.Nuget.Mono-Cecil.dll at Library/ScriptAssemblies/Unity.Nuget.Mono-Cecil.dll not valid. Loading of assembly skipped.
Assembly Unity.PathTracing.Editor.Tests.dll at Library/ScriptAssemblies/Unity.PathTracing.Editor.Tests.dll not valid. Loading of assembly skipped.
Assembly Unity.PathTracing.Runtime.Tests.dll at Library/ScriptAssemblies/Unity.PathTracing.Runtime.Tests.dll not valid. Loading of assembly skipped.
Assembly Unity.RenderPipelines.Core.Editor.Tests.dll at Library/ScriptAssemblies/Unity.RenderPipelines.Core.Editor.Tests.dll not valid. Loading of assembly skipped.
Assembly Unity.RenderPipelines.Core.Runtime.Tests.dll at Library/ScriptAssemblies/Unity.RenderPipelines.Core.Runtime.Tests.dll not valid. Loading of assembly skipped.
Assembly Unity.RenderPipelines.Universal.Config.Editor.Tests.dll at Library/ScriptAssemblies/Unity.RenderPipelines.Universal.Config.Editor.Tests.dll not valid. Loading of assembly skipped.
Assembly Unity.RenderPipelines.Universal.Editor.Tests.dll at Library/ScriptAssemblies/Unity.RenderPipelines.Universal.Editor.Tests.dll not valid. Loading of assembly skipped.
Assembly Unity.RenderPipelines.Universal.Runtime.Tests.dll at Library/ScriptAssemblies/Unity.RenderPipelines.Universal.Runtime.Tests.dll not valid. Loading of assembly skipped.
Assembly Unity.Searcher.EditorTests.dll at Library/ScriptAssemblies/Unity.Searcher.EditorTests.dll not valid. Loading of assembly skipped.
Assembly Unity.Services.Authentication.PlayerAccounts.EditorTests.dll at Library/ScriptAssemblies/Unity.Services.Authentication.PlayerAccounts.EditorTests.dll not valid. Loading of assembly skipped.
Assembly Unity.Services.Authentication.PlayerAccounts.Tests.dll at Library/ScriptAssemblies/Unity.Services.Authentication.PlayerAccounts.Tests.dll not valid. Loading of assembly skipped.
Assembly Unity.Services.Authentication.Server.dll at Library/ScriptAssemblies/Unity.Services.Authentication.Server.dll not valid. Loading of assembly skipped.
Assembly Unity.Services.Authentication.Server.Tests.dll at Library/ScriptAssemblies/Unity.Services.Authentication.Server.Tests.dll not valid. Loading of assembly skipped.
Assembly Unity.Services.Multiplayer.Server.dll at Library/ScriptAssemblies/Unity.Services.Multiplayer.Server.dll not valid. Loading of assembly skipped.
Assembly Unity.ShaderGraph.Editor.Tests.dll at Library/ScriptAssemblies/Unity.ShaderGraph.Editor.Tests.dll not valid. Loading of assembly skipped.
Assembly Unity.TextMeshPro.Editor.Tests.dll at Library/ScriptAssemblies/Unity.TextMeshPro.Editor.Tests.dll not valid. Loading of assembly skipped.
Assembly Unity.TextMeshPro.Tests.dll at Library/ScriptAssemblies/Unity.TextMeshPro.Tests.dll not valid. Loading of assembly skipped.
Assembly Unity.UnifiedRayTracing.Editor.Tests.dll at Library/ScriptAssemblies/Unity.UnifiedRayTracing.Editor.Tests.dll not valid. Loading of assembly skipped.
Assembly UnityEditor.UI.Common.Tests.dll at Library/ScriptAssemblies/UnityEditor.UI.Common.Tests.dll not valid. Loading of assembly skipped.
Assembly UnityEditor.UI.EditorTests.dll at Library/ScriptAssemblies/UnityEditor.UI.EditorTests.dll not valid. Loading of assembly skipped.
Assembly UnityEngine.UI.Tests.dll at Library/ScriptAssemblies/UnityEngine.UI.Tests.dll not valid. Loading of assembly skipped.
Symbol file LoadedFromMemory is not a mono symbol file
Refreshing native plugins compatible for Editor in 11.41 ms, found 7 plugins.
Native extension for iOS target not found
Native extension for Android target not found
Native extension for WindowsStandalone target not found
[Package Manager] Failed to launch server process. Reason: Unity was launched with the -noUpm command-line argument
[Package Manager] Unable to send message (not connected to server process).
[Package Manager] Cannot connect to Unity Package Manager local server
[Package Manager] Failed to launch server process. Reason: Unity was launched with the -noUpm command-line argument
[Package Manager] Unable to send message (not connected to server process).
[Package Manager] Cannot connect to Unity Package Manager local server
ScheduleIndexationOnStartup MainProcess:False IndexOnStartup:True
Mono: successfully reloaded assembly
- Finished resetting the current domain, in  2.964 seconds
Domain Reload Profiling: 5552ms
	BeginReloadAssembly (511ms)
		DisableScriptedObjects (83ms)
		CreateAndSetChildDomain (123ms)
	RebuildCommonClasses (71ms)
	RebuildNativeTypeToScriptingClass (28ms)
	initialDomainReloadingComplete (191ms)
	LoadAllAssembliesAndSetupDomain (1787ms)
		LoadAssemblies (1366ms)
		AnalyzeDomain (586ms)
			TypeCache.Refresh (29ms)
				TypeCache.ScanAssembly (4ms)
			BuildScriptInfoCaches (526ms)
			ResolveRequiredComponents (27ms)
	FinalizeReload (2965ms)
		SetupLoadedEditorAssemblies (0ms)
			InitializePlatformSupportModulesInManaged (38ms)
			BeforeProcessingInitializeOnLoad (573ms)
			ProcessInitializeOnLoadAttributes (1419ms)
			ProcessInitializeOnLoadMethodAttributes (398ms)
			AfterProcessingInitializeOnLoad (13ms)
		AwakeInstancesAfterBackupRestoration (48ms)
Refreshing native plugins compatible for Editor in 9.50 ms, found 7 plugins.
Unloading 24 Unused Serialized files (Serialized files now loaded: 0)
Unloading 8891 unused Assets / (6.4 MB). Loaded Objects now: 9707.
Memory consumption went from 191.0 MB to 184.6 MB.
Total: 17.346100 ms (FindLiveObjects: 1.453500 ms CreateObjectMapping: 0.952400 ms MarkObjects: 9.877700 ms  DeleteObjects: 5.060400 ms)

Prepare: number of updated asset objects reloaded= 0
EnvironmentDependencyValues requested are different than current active one (requested -> active):
  graphicsApiMask: 2099200 -> 2361344
========================================================================
Received Prepare
Refreshing native plugins compatible for Editor in 13.88 ms, found 7 plugins.
Unloading 24 Unused Serialized files (Serialized files now loaded: 0)
Unloading 8798 unused Assets / (6.0 MB). Loaded Objects now: 9707.
Memory consumption went from 184.4 MB to 178.5 MB.
Total: 17.113200 ms (FindLiveObjects: 1.639800 ms CreateObjectMapping: 0.783800 ms MarkObjects: 9.929000 ms  DeleteObjects: 4.758600 ms)

Prepare: number of updated asset objects reloaded= 0
EnvironmentDependencyValues requested are different than current active one (requested -> active):
  graphicsApiMask: 2099200 -> 2361344
========================================================================
Received Prepare
Refreshing native plugins compatible for Editor in 11.39 ms, found 7 plugins.
Unloading 24 Unused Serialized files (Serialized files now loaded: 0)
Unloading 8798 unused Assets / (5.8 MB). Loaded Objects now: 9707.
Memory consumption went from 184.3 MB to 178.4 MB.
Total: 18.680300 ms (FindLiveObjects: 1.514600 ms CreateObjectMapping: 0.943600 ms MarkObjects: 11.533900 ms  DeleteObjects: 4.686800 ms)

Prepare: number of updated asset objects reloaded= 0
EnvironmentDependencyValues requested are different than current active one (requested -> active):
  graphicsApiMask: 2099200 -> 2361344
========================================================================
Received Prepare
[Licensing::Client] Successfully resolved entitlement details
Begin MonoManager ReloadAssembly
[Licensing::Client] Successfully resolved entitlement details
Assembly Assembly-CSharp-Editor-firstpass-testable.dll at Library/ScriptAssemblies/Assembly-CSharp-Editor-firstpass-testable.dll not valid. Loading of assembly skipped.
Assembly Assembly-CSharp-Editor-firstpass.dll at Library/ScriptAssemblies/Assembly-CSharp-Editor-firstpass.dll not valid. Loading of assembly skipped.
Assembly DocCodeExamples.dll at Library/ScriptAssemblies/DocCodeExamples.dll not valid. Loading of assembly skipped.
Assembly TestNewCustomAssembly.dll at Library/ScriptAssemblies/TestNewCustomAssembly.dll not valid. Loading of assembly skipped.
Assembly Unity.2D.Animation.EditorTests.dll at Library/ScriptAssemblies/Unity.2D.Animation.EditorTests.dll not valid. Loading of assembly skipped.
Assembly Unity.2D.Aseprite.EditorTests.dll at Library/ScriptAssemblies/Unity.2D.Aseprite.EditorTests.dll not valid. Loading of assembly skipped.
Assembly Unity.2D.Common.EditorTests.dll at Library/ScriptAssemblies/Unity.2D.Common.EditorTests.dll not valid. Loading of assembly skipped.
Assembly Unity.2D.Psdimporter.EditorTests.dll at Library/ScriptAssemblies/Unity.2D.Psdimporter.EditorTests.dll not valid. Loading of assembly skipped.
Assembly Unity.2D.Sprite.Package.EditorTests.dll at Library/ScriptAssemblies/Unity.2D.Sprite.Package.EditorTests.dll not valid. Loading of assembly skipped.
Assembly Unity.2D.SpriteShape.EditorTests.dll at Library/ScriptAssemblies/Unity.2D.SpriteShape.EditorTests.dll not valid. Loading of assembly skipped.
Assembly Unity.2D.Tilemap.Package.EditorTests.dll at Library/ScriptAssemblies/Unity.2D.Tilemap.Package.EditorTests.dll not valid. Loading of assembly skipped.
Assembly Unity.Collections.BurstCompatibilityGen.dll at Library/ScriptAssemblies/Unity.Collections.BurstCompatibilityGen.dll not valid. Loading of assembly skipped.
Assembly Unity.Collections.DocCodeSamples.dll at Library/ScriptAssemblies/Unity.Collections.DocCodeSamples.dll not valid. Loading of assembly skipped.
Assembly Unity.Collections.PerformanceTests.dll at Library/ScriptAssemblies/Unity.Collections.PerformanceTests.dll not valid. Loading of assembly skipped.
Assembly Unity.Collections.Tests.dll at Library/ScriptAssemblies/Unity.Collections.Tests.dll not valid. Loading of assembly skipped.
Assembly Unity.Collections.Tests.Playmode.dll at Library/ScriptAssemblies/Unity.Collections.Tests.Playmode.dll not valid. Loading of assembly skipped.
Assembly Unity.InputSystem.IntegrationTests.dll at Library/ScriptAssemblies/Unity.InputSystem.IntegrationTests.dll not valid. Loading of assembly skipped.
Assembly Unity.Mathematics.Tests.dll at Library/ScriptAssemblies/Unity.Mathematics.Tests.dll not valid. Loading of assembly skipped.
Assembly Unity.Multiplayer.Center.Editor.Tests.dll at Library/ScriptAssemblies/Unity.Multiplayer.Center.Editor.Tests.dll not valid. Loading of assembly skipped.
Assembly Unity.Multiplayer.Center.Tests.dll at Library/ScriptAssemblies/Unity.Multiplayer.Center.Tests.dll not valid. Loading of assembly skipped.
Assembly Unity.Nuget.Mono-Cecil.dll at Library/ScriptAssemblies/Unity.Nuget.Mono-Cecil.dll not valid. Loading of assembly skipped.
Assembly Unity.PathTracing.Editor.Tests.dll at Library/ScriptAssemblies/Unity.PathTracing.Editor.Tests.dll not valid. Loading of assembly skipped.
Assembly Unity.PathTracing.Runtime.Tests.dll at Library/ScriptAssemblies/Unity.PathTracing.Runtime.Tests.dll not valid. Loading of assembly skipped.
Assembly Unity.RenderPipelines.Core.Editor.Tests.dll at Library/ScriptAssemblies/Unity.RenderPipelines.Core.Editor.Tests.dll not valid. Loading of assembly skipped.
Assembly Unity.RenderPipelines.Core.Runtime.Tests.dll at Library/ScriptAssemblies/Unity.RenderPipelines.Core.Runtime.Tests.dll not valid. Loading of assembly skipped.
Assembly Unity.RenderPipelines.Universal.Config.Editor.Tests.dll at Library/ScriptAssemblies/Unity.RenderPipelines.Universal.Config.Editor.Tests.dll not valid. Loading of assembly skipped.
Assembly Unity.RenderPipelines.Universal.Editor.Tests.dll at Library/ScriptAssemblies/Unity.RenderPipelines.Universal.Editor.Tests.dll not valid. Loading of assembly skipped.
Assembly Unity.RenderPipelines.Universal.Runtime.Tests.dll at Library/ScriptAssemblies/Unity.RenderPipelines.Universal.Runtime.Tests.dll not valid. Loading of assembly skipped.
Assembly Unity.Searcher.EditorTests.dll at Library/ScriptAssemblies/Unity.Searcher.EditorTests.dll not valid. Loading of assembly skipped.
Assembly Unity.Services.Authentication.PlayerAccounts.EditorTests.dll at Library/ScriptAssemblies/Unity.Services.Authentication.PlayerAccounts.EditorTests.dll not valid. Loading of assembly skipped.
Assembly Unity.Services.Authentication.PlayerAccounts.Tests.dll at Library/ScriptAssemblies/Unity.Services.Authentication.PlayerAccounts.Tests.dll not valid. Loading of assembly skipped.
Assembly Unity.Services.Authentication.Server.dll at Library/ScriptAssemblies/Unity.Services.Authentication.Server.dll not valid. Loading of assembly skipped.
Assembly Unity.Services.Authentication.Server.Tests.dll at Library/ScriptAssemblies/Unity.Services.Authentication.Server.Tests.dll not valid. Loading of assembly skipped.
Assembly Unity.Services.Multiplayer.Server.dll at Library/ScriptAssemblies/Unity.Services.Multiplayer.Server.dll not valid. Loading of assembly skipped.
Assembly Unity.ShaderGraph.Editor.Tests.dll at Library/ScriptAssemblies/Unity.ShaderGraph.Editor.Tests.dll not valid. Loading of assembly skipped.
Assembly Unity.TextMeshPro.Editor.Tests.dll at Library/ScriptAssemblies/Unity.TextMeshPro.Editor.Tests.dll not valid. Loading of assembly skipped.
Assembly Unity.TextMeshPro.Tests.dll at Library/ScriptAssemblies/Unity.TextMeshPro.Tests.dll not valid. Loading of assembly skipped.
Assembly Unity.UnifiedRayTracing.Editor.Tests.dll at Library/ScriptAssemblies/Unity.UnifiedRayTracing.Editor.Tests.dll not valid. Loading of assembly skipped.
Assembly UnityEditor.UI.Common.Tests.dll at Library/ScriptAssemblies/UnityEditor.UI.Common.Tests.dll not valid. Loading of assembly skipped.
Assembly UnityEditor.UI.EditorTests.dll at Library/ScriptAssemblies/UnityEditor.UI.EditorTests.dll not valid. Loading of assembly skipped.
Assembly UnityEngine.UI.Tests.dll at Library/ScriptAssemblies/UnityEngine.UI.Tests.dll not valid. Loading of assembly skipped.
Symbol file LoadedFromMemory is not a mono symbol file
Refreshing native plugins compatible for Editor in 9.93 ms, found 7 plugins.
Native extension for iOS target not found
Native extension for Android target not found
Native extension for WindowsStandalone target not found
[Package Manager] Failed to launch server process. Reason: Unity was launched with the -noUpm command-line argument
[Package Manager] Unable to send message (not connected to server process).
[Package Manager] Cannot connect to Unity Package Manager local server
[Package Manager] Failed to launch server process. Reason: Unity was launched with the -noUpm command-line argument
[Package Manager] Unable to send message (not connected to server process).
[Package Manager] Cannot connect to Unity Package Manager local server
ScheduleIndexationOnStartup MainProcess:False IndexOnStartup:True
Mono: successfully reloaded assembly
- Finished resetting the current domain, in  3.015 seconds
Domain Reload Profiling: 5532ms
	BeginReloadAssembly (468ms)
		DisableScriptedObjects (53ms)
		CreateAndSetChildDomain (108ms)
	RebuildCommonClasses (71ms)
	RebuildNativeTypeToScriptingClass (29ms)
	initialDomainReloadingComplete (210ms)
	LoadAllAssembliesAndSetupDomain (1738ms)
		LoadAssemblies (1301ms)
		AnalyzeDomain (605ms)
			TypeCache.Refresh (34ms)
				TypeCache.ScanAssembly (4ms)
			BuildScriptInfoCaches (542ms)
			ResolveRequiredComponents (25ms)
	FinalizeReload (3016ms)
		SetupLoadedEditorAssemblies (0ms)
			InitializePlatformSupportModulesInManaged (25ms)
			BeforeProcessingInitializeOnLoad (588ms)
			ProcessInitializeOnLoadAttributes (1456ms)
			ProcessInitializeOnLoadMethodAttributes (429ms)
			AfterProcessingInitializeOnLoad (15ms)
		AwakeInstancesAfterBackupRestoration (52ms)
Refreshing native plugins compatible for Editor in 14.42 ms, found 7 plugins.
Unloading 24 Unused Serialized files (Serialized files now loaded: 0)
Unloading 8891 unused Assets / (6.4 MB). Loaded Objects now: 9711.
Memory consumption went from 192.5 MB to 186.1 MB.
Total: 16.475700 ms (FindLiveObjects: 1.403800 ms CreateObjectMapping: 0.699800 ms MarkObjects: 9.651800 ms  DeleteObjects: 4.718000 ms)

Prepare: number of updated asset objects reloaded= 0
EnvironmentDependencyValues requested are different than current active one (requested -> active):
  graphicsApiMask: 2099200 -> 2361344
========================================================================
Received Prepare
Refreshing native plugins compatible for Editor in 17.00 ms, found 7 plugins.
Unloading 24 Unused Serialized files (Serialized files now loaded: 0)
Unloading 8798 unused Assets / (6.4 MB). Loaded Objects now: 9711.
Memory consumption went from 186.0 MB to 179.6 MB.
Total: 21.720300 ms (FindLiveObjects: 1.854600 ms CreateObjectMapping: 0.972900 ms MarkObjects: 13.229100 ms  DeleteObjects: 5.661400 ms)

Prepare: number of updated asset objects reloaded= 0
EnvironmentDependencyValues requested are different than current active one (requested -> active):
  graphicsApiMask: 2099200 -> 2361344
========================================================================
Received Prepare
Refreshing native plugins compatible for Editor in 3.59 ms, found 7 plugins.
Unloading 24 Unused Serialized files (Serialized files now loaded: 0)
Unloading 8798 unused Assets / (5.6 MB). Loaded Objects now: 9711.
Memory consumption went from 185.8 MB to 180.2 MB.
Total: 9.717000 ms (FindLiveObjects: 0.709700 ms CreateObjectMapping: 0.678800 ms MarkObjects: 6.375300 ms  DeleteObjects: 1.951200 ms)

Prepare: number of updated asset objects reloaded= 0
EnvironmentDependencyValues requested are different than current active one (requested -> active):
  graphicsApiMask: 2099200 -> 2361344
========================================================================
Received Prepare
[Licensing::Client] Successfully resolved entitlement details
Begin MonoManager ReloadAssembly
[Licensing::Client] Successfully resolved entitlement details
Assembly Assembly-CSharp-Editor-firstpass-testable.dll at Library/ScriptAssemblies/Assembly-CSharp-Editor-firstpass-testable.dll not valid. Loading of assembly skipped.
Assembly Assembly-CSharp-Editor-firstpass.dll at Library/ScriptAssemblies/Assembly-CSharp-Editor-firstpass.dll not valid. Loading of assembly skipped.
Assembly DocCodeExamples.dll at Library/ScriptAssemblies/DocCodeExamples.dll not valid. Loading of assembly skipped.
Assembly TestNewCustomAssembly.dll at Library/ScriptAssemblies/TestNewCustomAssembly.dll not valid. Loading of assembly skipped.
Assembly Unity.2D.Animation.EditorTests.dll at Library/ScriptAssemblies/Unity.2D.Animation.EditorTests.dll not valid. Loading of assembly skipped.
Assembly Unity.2D.Aseprite.EditorTests.dll at Library/ScriptAssemblies/Unity.2D.Aseprite.EditorTests.dll not valid. Loading of assembly skipped.
Assembly Unity.2D.Common.EditorTests.dll at Library/ScriptAssemblies/Unity.2D.Common.EditorTests.dll not valid. Loading of assembly skipped.
Assembly Unity.2D.Psdimporter.EditorTests.dll at Library/ScriptAssemblies/Unity.2D.Psdimporter.EditorTests.dll not valid. Loading of assembly skipped.
Assembly Unity.2D.Sprite.Package.EditorTests.dll at Library/ScriptAssemblies/Unity.2D.Sprite.Package.EditorTests.dll not valid. Loading of assembly skipped.
Assembly Unity.2D.SpriteShape.EditorTests.dll at Library/ScriptAssemblies/Unity.2D.SpriteShape.EditorTests.dll not valid. Loading of assembly skipped.
Assembly Unity.2D.Tilemap.Package.EditorTests.dll at Library/ScriptAssemblies/Unity.2D.Tilemap.Package.EditorTests.dll not valid. Loading of assembly skipped.
Assembly Unity.Collections.BurstCompatibilityGen.dll at Library/ScriptAssemblies/Unity.Collections.BurstCompatibilityGen.dll not valid. Loading of assembly skipped.
Assembly Unity.Collections.DocCodeSamples.dll at Library/ScriptAssemblies/Unity.Collections.DocCodeSamples.dll not valid. Loading of assembly skipped.
Assembly Unity.Collections.PerformanceTests.dll at Library/ScriptAssemblies/Unity.Collections.PerformanceTests.dll not valid. Loading of assembly skipped.
Assembly Unity.Collections.Tests.dll at Library/ScriptAssemblies/Unity.Collections.Tests.dll not valid. Loading of assembly skipped.
Assembly Unity.Collections.Tests.Playmode.dll at Library/ScriptAssemblies/Unity.Collections.Tests.Playmode.dll not valid. Loading of assembly skipped.
Assembly Unity.InputSystem.IntegrationTests.dll at Library/ScriptAssemblies/Unity.InputSystem.IntegrationTests.dll not valid. Loading of assembly skipped.
Assembly Unity.Mathematics.Tests.dll at Library/ScriptAssemblies/Unity.Mathematics.Tests.dll not valid. Loading of assembly skipped.
Assembly Unity.Multiplayer.Center.Editor.Tests.dll at Library/ScriptAssemblies/Unity.Multiplayer.Center.Editor.Tests.dll not valid. Loading of assembly skipped.
Assembly Unity.Multiplayer.Center.Tests.dll at Library/ScriptAssemblies/Unity.Multiplayer.Center.Tests.dll not valid. Loading of assembly skipped.
Assembly Unity.Nuget.Mono-Cecil.dll at Library/ScriptAssemblies/Unity.Nuget.Mono-Cecil.dll not valid. Loading of assembly skipped.
Assembly Unity.PathTracing.Editor.Tests.dll at Library/ScriptAssemblies/Unity.PathTracing.Editor.Tests.dll not valid. Loading of assembly skipped.
Assembly Unity.PathTracing.Runtime.Tests.dll at Library/ScriptAssemblies/Unity.PathTracing.Runtime.Tests.dll not valid. Loading of assembly skipped.
Assembly Unity.RenderPipelines.Core.Editor.Tests.dll at Library/ScriptAssemblies/Unity.RenderPipelines.Core.Editor.Tests.dll not valid. Loading of assembly skipped.
Assembly Unity.RenderPipelines.Core.Runtime.Tests.dll at Library/ScriptAssemblies/Unity.RenderPipelines.Core.Runtime.Tests.dll not valid. Loading of assembly skipped.
Assembly Unity.RenderPipelines.Universal.Config.Editor.Tests.dll at Library/ScriptAssemblies/Unity.RenderPipelines.Universal.Config.Editor.Tests.dll not valid. Loading of assembly skipped.
Assembly Unity.RenderPipelines.Universal.Editor.Tests.dll at Library/ScriptAssemblies/Unity.RenderPipelines.Universal.Editor.Tests.dll not valid. Loading of assembly skipped.
Assembly Unity.RenderPipelines.Universal.Runtime.Tests.dll at Library/ScriptAssemblies/Unity.RenderPipelines.Universal.Runtime.Tests.dll not valid. Loading of assembly skipped.
Assembly Unity.Searcher.EditorTests.dll at Library/ScriptAssemblies/Unity.Searcher.EditorTests.dll not valid. Loading of assembly skipped.
Assembly Unity.Services.Authentication.PlayerAccounts.EditorTests.dll at Library/ScriptAssemblies/Unity.Services.Authentication.PlayerAccounts.EditorTests.dll not valid. Loading of assembly skipped.
Assembly Unity.Services.Authentication.PlayerAccounts.Tests.dll at Library/ScriptAssemblies/Unity.Services.Authentication.PlayerAccounts.Tests.dll not valid. Loading of assembly skipped.
Assembly Unity.Services.Authentication.Server.dll at Library/ScriptAssemblies/Unity.Services.Authentication.Server.dll not valid. Loading of assembly skipped.
Assembly Unity.Services.Authentication.Server.Tests.dll at Library/ScriptAssemblies/Unity.Services.Authentication.Server.Tests.dll not valid. Loading of assembly skipped.
Assembly Unity.Services.Multiplayer.Server.dll at Library/ScriptAssemblies/Unity.Services.Multiplayer.Server.dll not valid. Loading of assembly skipped.
Assembly Unity.ShaderGraph.Editor.Tests.dll at Library/ScriptAssemblies/Unity.ShaderGraph.Editor.Tests.dll not valid. Loading of assembly skipped.
Assembly Unity.TextMeshPro.Editor.Tests.dll at Library/ScriptAssemblies/Unity.TextMeshPro.Editor.Tests.dll not valid. Loading of assembly skipped.
Assembly Unity.TextMeshPro.Tests.dll at Library/ScriptAssemblies/Unity.TextMeshPro.Tests.dll not valid. Loading of assembly skipped.
Assembly Unity.UnifiedRayTracing.Editor.Tests.dll at Library/ScriptAssemblies/Unity.UnifiedRayTracing.Editor.Tests.dll not valid. Loading of assembly skipped.
Assembly UnityEditor.UI.Common.Tests.dll at Library/ScriptAssemblies/UnityEditor.UI.Common.Tests.dll not valid. Loading of assembly skipped.
Assembly UnityEditor.UI.EditorTests.dll at Library/ScriptAssemblies/UnityEditor.UI.EditorTests.dll not valid. Loading of assembly skipped.
Assembly UnityEngine.UI.Tests.dll at Library/ScriptAssemblies/UnityEngine.UI.Tests.dll not valid. Loading of assembly skipped.
Symbol file LoadedFromMemory is not a mono symbol file
Refreshing native plugins compatible for Editor in 14.96 ms, found 7 plugins.
Native extension for iOS target not found
Native extension for Android target not found
Native extension for WindowsStandalone target not found
[Package Manager] Failed to launch server process. Reason: Unity was launched with the -noUpm command-line argument
[Package Manager] Unable to send message (not connected to server process).
[Package Manager] Cannot connect to Unity Package Manager local server
[Package Manager] Failed to launch server process. Reason: Unity was launched with the -noUpm command-line argument
[Package Manager] Unable to send message (not connected to server process).
[Package Manager] Cannot connect to Unity Package Manager local server
ScheduleIndexationOnStartup MainProcess:False IndexOnStartup:True
Mono: successfully reloaded assembly
- Finished resetting the current domain, in  2.932 seconds
Domain Reload Profiling: 5088ms
	BeginReloadAssembly (486ms)
		DisableScriptedObjects (65ms)
		CreateAndSetChildDomain (111ms)
	RebuildCommonClasses (66ms)
	RebuildNativeTypeToScriptingClass (29ms)
	initialDomainReloadingComplete (215ms)
	LoadAllAssembliesAndSetupDomain (1358ms)
		LoadAssemblies (1075ms)
		AnalyzeDomain (463ms)
			TypeCache.Refresh (27ms)
				TypeCache.ScanAssembly (3ms)
			BuildScriptInfoCaches (416ms)
			ResolveRequiredComponents (17ms)
	FinalizeReload (2933ms)
		SetupLoadedEditorAssemblies (0ms)
			InitializePlatformSupportModulesInManaged (29ms)
			BeforeProcessingInitializeOnLoad (576ms)
			ProcessInitializeOnLoadAttributes (1361ms)
			ProcessInitializeOnLoadMethodAttributes (420ms)
			AfterProcessingInitializeOnLoad (16ms)
		AwakeInstancesAfterBackupRestoration (72ms)
Refreshing native plugins compatible for Editor in 14.15 ms, found 7 plugins.
Unloading 24 Unused Serialized files (Serialized files now loaded: 0)
Unloading 8891 unused Assets / (5.1 MB). Loaded Objects now: 9715.
Memory consumption went from 194.0 MB to 188.9 MB.
Total: 19.752200 ms (FindLiveObjects: 1.739100 ms CreateObjectMapping: 1.070000 ms MarkObjects: 11.989600 ms  DeleteObjects: 4.950600 ms)

Prepare: number of updated asset objects reloaded= 0
EnvironmentDependencyValues requested are different than current active one (requested -> active):
  graphicsApiMask: 2099200 -> 2361344
========================================================================
Received Prepare
Refreshing native plugins compatible for Editor in 10.66 ms, found 7 plugins.
Unloading 24 Unused Serialized files (Serialized files now loaded: 0)
Unloading 8798 unused Assets / (6.3 MB). Loaded Objects now: 9715.
Memory consumption went from 187.5 MB to 181.2 MB.
Total: 19.158900 ms (FindLiveObjects: 1.545400 ms CreateObjectMapping: 0.969500 ms MarkObjects: 11.459300 ms  DeleteObjects: 5.182700 ms)

Prepare: number of updated asset objects reloaded= 0
EnvironmentDependencyValues requested are different than current active one (requested -> active):
  graphicsApiMask: 2099200 -> 2361344
========================================================================
Received Prepare
[Licensing::Client] Successfully resolved entitlement details
Begin MonoManager ReloadAssembly
[Licensing::Client] Successfully resolved entitlement details
Assembly Assembly-CSharp-Editor-firstpass-testable.dll at Library/ScriptAssemblies/Assembly-CSharp-Editor-firstpass-testable.dll not valid. Loading of assembly skipped.
Assembly Assembly-CSharp-Editor-firstpass.dll at Library/ScriptAssemblies/Assembly-CSharp-Editor-firstpass.dll not valid. Loading of assembly skipped.
Assembly DocCodeExamples.dll at Library/ScriptAssemblies/DocCodeExamples.dll not valid. Loading of assembly skipped.
Assembly TestNewCustomAssembly.dll at Library/ScriptAssemblies/TestNewCustomAssembly.dll not valid. Loading of assembly skipped.
Assembly Unity.2D.Animation.EditorTests.dll at Library/ScriptAssemblies/Unity.2D.Animation.EditorTests.dll not valid. Loading of assembly skipped.
Assembly Unity.2D.Aseprite.EditorTests.dll at Library/ScriptAssemblies/Unity.2D.Aseprite.EditorTests.dll not valid. Loading of assembly skipped.
Assembly Unity.2D.Common.EditorTests.dll at Library/ScriptAssemblies/Unity.2D.Common.EditorTests.dll not valid. Loading of assembly skipped.
Assembly Unity.2D.Psdimporter.EditorTests.dll at Library/ScriptAssemblies/Unity.2D.Psdimporter.EditorTests.dll not valid. Loading of assembly skipped.
Assembly Unity.2D.Sprite.Package.EditorTests.dll at Library/ScriptAssemblies/Unity.2D.Sprite.Package.EditorTests.dll not valid. Loading of assembly skipped.
Assembly Unity.2D.SpriteShape.EditorTests.dll at Library/ScriptAssemblies/Unity.2D.SpriteShape.EditorTests.dll not valid. Loading of assembly skipped.
Assembly Unity.2D.Tilemap.Package.EditorTests.dll at Library/ScriptAssemblies/Unity.2D.Tilemap.Package.EditorTests.dll not valid. Loading of assembly skipped.
Assembly Unity.Collections.BurstCompatibilityGen.dll at Library/ScriptAssemblies/Unity.Collections.BurstCompatibilityGen.dll not valid. Loading of assembly skipped.
Assembly Unity.Collections.DocCodeSamples.dll at Library/ScriptAssemblies/Unity.Collections.DocCodeSamples.dll not valid. Loading of assembly skipped.
Assembly Unity.Collections.PerformanceTests.dll at Library/ScriptAssemblies/Unity.Collections.PerformanceTests.dll not valid. Loading of assembly skipped.
Assembly Unity.Collections.Tests.dll at Library/ScriptAssemblies/Unity.Collections.Tests.dll not valid. Loading of assembly skipped.
Assembly Unity.Collections.Tests.Playmode.dll at Library/ScriptAssemblies/Unity.Collections.Tests.Playmode.dll not valid. Loading of assembly skipped.
Assembly Unity.InputSystem.IntegrationTests.dll at Library/ScriptAssemblies/Unity.InputSystem.IntegrationTests.dll not valid. Loading of assembly skipped.
Assembly Unity.Mathematics.Tests.dll at Library/ScriptAssemblies/Unity.Mathematics.Tests.dll not valid. Loading of assembly skipped.
Assembly Unity.Multiplayer.Center.Editor.Tests.dll at Library/ScriptAssemblies/Unity.Multiplayer.Center.Editor.Tests.dll not valid. Loading of assembly skipped.
Assembly Unity.Multiplayer.Center.Tests.dll at Library/ScriptAssemblies/Unity.Multiplayer.Center.Tests.dll not valid. Loading of assembly skipped.
Assembly Unity.Nuget.Mono-Cecil.dll at Library/ScriptAssemblies/Unity.Nuget.Mono-Cecil.dll not valid. Loading of assembly skipped.
Assembly Unity.PathTracing.Editor.Tests.dll at Library/ScriptAssemblies/Unity.PathTracing.Editor.Tests.dll not valid. Loading of assembly skipped.
Assembly Unity.PathTracing.Runtime.Tests.dll at Library/ScriptAssemblies/Unity.PathTracing.Runtime.Tests.dll not valid. Loading of assembly skipped.
Assembly Unity.RenderPipelines.Core.Editor.Tests.dll at Library/ScriptAssemblies/Unity.RenderPipelines.Core.Editor.Tests.dll not valid. Loading of assembly skipped.
Assembly Unity.RenderPipelines.Core.Runtime.Tests.dll at Library/ScriptAssemblies/Unity.RenderPipelines.Core.Runtime.Tests.dll not valid. Loading of assembly skipped.
Assembly Unity.RenderPipelines.Universal.Config.Editor.Tests.dll at Library/ScriptAssemblies/Unity.RenderPipelines.Universal.Config.Editor.Tests.dll not valid. Loading of assembly skipped.
Assembly Unity.RenderPipelines.Universal.Editor.Tests.dll at Library/ScriptAssemblies/Unity.RenderPipelines.Universal.Editor.Tests.dll not valid. Loading of assembly skipped.
Assembly Unity.RenderPipelines.Universal.Runtime.Tests.dll at Library/ScriptAssemblies/Unity.RenderPipelines.Universal.Runtime.Tests.dll not valid. Loading of assembly skipped.
Assembly Unity.Searcher.EditorTests.dll at Library/ScriptAssemblies/Unity.Searcher.EditorTests.dll not valid. Loading of assembly skipped.
Assembly Unity.Services.Authentication.PlayerAccounts.EditorTests.dll at Library/ScriptAssemblies/Unity.Services.Authentication.PlayerAccounts.EditorTests.dll not valid. Loading of assembly skipped.
Assembly Unity.Services.Authentication.PlayerAccounts.Tests.dll at Library/ScriptAssemblies/Unity.Services.Authentication.PlayerAccounts.Tests.dll not valid. Loading of assembly skipped.
Assembly Unity.Services.Authentication.Server.dll at Library/ScriptAssemblies/Unity.Services.Authentication.Server.dll not valid. Loading of assembly skipped.
Assembly Unity.Services.Authentication.Server.Tests.dll at Library/ScriptAssemblies/Unity.Services.Authentication.Server.Tests.dll not valid. Loading of assembly skipped.
Assembly Unity.Services.Multiplayer.Server.dll at Library/ScriptAssemblies/Unity.Services.Multiplayer.Server.dll not valid. Loading of assembly skipped.
Assembly Unity.ShaderGraph.Editor.Tests.dll at Library/ScriptAssemblies/Unity.ShaderGraph.Editor.Tests.dll not valid. Loading of assembly skipped.
Assembly Unity.TextMeshPro.Editor.Tests.dll at Library/ScriptAssemblies/Unity.TextMeshPro.Editor.Tests.dll not valid. Loading of assembly skipped.
Assembly Unity.TextMeshPro.Tests.dll at Library/ScriptAssemblies/Unity.TextMeshPro.Tests.dll not valid. Loading of assembly skipped.
Assembly Unity.UnifiedRayTracing.Editor.Tests.dll at Library/ScriptAssemblies/Unity.UnifiedRayTracing.Editor.Tests.dll not valid. Loading of assembly skipped.
Assembly UnityEditor.UI.Common.Tests.dll at Library/ScriptAssemblies/UnityEditor.UI.Common.Tests.dll not valid. Loading of assembly skipped.
Assembly UnityEditor.UI.EditorTests.dll at Library/ScriptAssemblies/UnityEditor.UI.EditorTests.dll not valid. Loading of assembly skipped.
Assembly UnityEngine.UI.Tests.dll at Library/ScriptAssemblies/UnityEngine.UI.Tests.dll not valid. Loading of assembly skipped.
Symbol file LoadedFromMemory is not a mono symbol file
Refreshing native plugins compatible for Editor in 7.06 ms, found 7 plugins.
Native extension for iOS target not found
Native extension for Android target not found
Native extension for WindowsStandalone target not found
[Package Manager] Failed to launch server process. Reason: Unity was launched with the -noUpm command-line argument
[Package Manager] Unable to send message (not connected to server process).
[Package Manager] Cannot connect to Unity Package Manager local server
[Package Manager] Failed to launch server process. Reason: Unity was launched with the -noUpm command-line argument
[Package Manager] Unable to send message (not connected to server process).
[Package Manager] Cannot connect to Unity Package Manager local server
ScheduleIndexationOnStartup MainProcess:False IndexOnStartup:True
Mono: successfully reloaded assembly
- Finished resetting the current domain, in  1.219 seconds
Domain Reload Profiling: 2274ms
	BeginReloadAssembly (230ms)
		DisableScriptedObjects (29ms)
		CreateAndSetChildDomain (54ms)
	RebuildCommonClasses (35ms)
	RebuildNativeTypeToScriptingClass (13ms)
	initialDomainReloadingComplete (99ms)
	LoadAllAssembliesAndSetupDomain (677ms)
		LoadAssemblies (524ms)
		AnalyzeDomain (229ms)
			TypeCache.Refresh (15ms)
			BuildScriptInfoCaches (201ms)
			ResolveRequiredComponents (10ms)
	FinalizeReload (1220ms)
		SetupLoadedEditorAssemblies (0ms)
			InitializePlatformSupportModulesInManaged (15ms)
			BeforeProcessingInitializeOnLoad (287ms)
			ProcessInitializeOnLoadAttributes (533ms)
			ProcessInitializeOnLoadMethodAttributes (144ms)
			AfterProcessingInitializeOnLoad (3ms)
		AwakeInstancesAfterBackupRestoration (19ms)
Refreshing native plugins compatible for Editor in 3.62 ms, found 7 plugins.
Unloading 24 Unused Serialized files (Serialized files now loaded: 0)
Unloading 8891 unused Assets / (5.1 MB). Loaded Objects now: 9719.
Memory consumption went from 195.0 MB to 189.9 MB.
Total: 7.621200 ms (FindLiveObjects: 0.634300 ms CreateObjectMapping: 0.398900 ms MarkObjects: 4.706100 ms  DeleteObjects: 1.881400 ms)

Prepare: number of updated asset objects reloaded= 0
EnvironmentDependencyValues requested are different than current active one (requested -> active):
  graphicsApiMask: 2099200 -> 2361344
========================================================================
Received Prepare
Refreshing native plugins compatible for Editor in 12.21 ms, found 7 plugins.
Unloading 24 Unused Serialized files (Serialized files now loaded: 0)
Unloading 8798 unused Assets / (6.3 MB). Loaded Objects now: 9719.
Memory consumption went from 188.5 MB to 182.2 MB.
Total: 19.652900 ms (FindLiveObjects: 1.600900 ms CreateObjectMapping: 1.268700 ms MarkObjects: 12.003600 ms  DeleteObjects: 4.777500 ms)

Prepare: number of updated asset objects reloaded= 0
EnvironmentDependencyValues requested are different than current active one (requested -> active):
  graphicsApiMask: 2099200 -> 2361344
========================================================================
Received Prepare
Refreshing native plugins compatible for Editor in 12.56 ms, found 7 plugins.
Unloading 24 Unused Serialized files (Serialized files now loaded: 0)
Unloading 8798 unused Assets / (6.5 MB). Loaded Objects now: 9719.
Memory consumption went from 188.3 MB to 181.8 MB.
Total: 16.292200 ms (FindLiveObjects: 1.382900 ms CreateObjectMapping: 0.823800 ms MarkObjects: 9.814100 ms  DeleteObjects: 4.269300 ms)

Prepare: number of updated asset objects reloaded= 0
EnvironmentDependencyValues requested are different than current active one (requested -> active):
  graphicsApiMask: 2099200 -> 2361344
========================================================================
Received Prepare
[Licensing::Client] Successfully resolved entitlement details
Begin MonoManager ReloadAssembly
[Licensing::Client] Successfully resolved entitlement details
Assembly Assembly-CSharp-Editor-firstpass-testable.dll at Library/ScriptAssemblies/Assembly-CSharp-Editor-firstpass-testable.dll not valid. Loading of assembly skipped.
Assembly Assembly-CSharp-Editor-firstpass.dll at Library/ScriptAssemblies/Assembly-CSharp-Editor-firstpass.dll not valid. Loading of assembly skipped.
Assembly DocCodeExamples.dll at Library/ScriptAssemblies/DocCodeExamples.dll not valid. Loading of assembly skipped.
Assembly TestNewCustomAssembly.dll at Library/ScriptAssemblies/TestNewCustomAssembly.dll not valid. Loading of assembly skipped.
Assembly Unity.2D.Animation.EditorTests.dll at Library/ScriptAssemblies/Unity.2D.Animation.EditorTests.dll not valid. Loading of assembly skipped.
Assembly Unity.2D.Aseprite.EditorTests.dll at Library/ScriptAssemblies/Unity.2D.Aseprite.EditorTests.dll not valid. Loading of assembly skipped.
Assembly Unity.2D.Common.EditorTests.dll at Library/ScriptAssemblies/Unity.2D.Common.EditorTests.dll not valid. Loading of assembly skipped.
Assembly Unity.2D.Psdimporter.EditorTests.dll at Library/ScriptAssemblies/Unity.2D.Psdimporter.EditorTests.dll not valid. Loading of assembly skipped.
Assembly Unity.2D.Sprite.Package.EditorTests.dll at Library/ScriptAssemblies/Unity.2D.Sprite.Package.EditorTests.dll not valid. Loading of assembly skipped.
Assembly Unity.2D.SpriteShape.EditorTests.dll at Library/ScriptAssemblies/Unity.2D.SpriteShape.EditorTests.dll not valid. Loading of assembly skipped.
Assembly Unity.2D.Tilemap.Package.EditorTests.dll at Library/ScriptAssemblies/Unity.2D.Tilemap.Package.EditorTests.dll not valid. Loading of assembly skipped.
Assembly Unity.Collections.BurstCompatibilityGen.dll at Library/ScriptAssemblies/Unity.Collections.BurstCompatibilityGen.dll not valid. Loading of assembly skipped.
Assembly Unity.Collections.DocCodeSamples.dll at Library/ScriptAssemblies/Unity.Collections.DocCodeSamples.dll not valid. Loading of assembly skipped.
Assembly Unity.Collections.PerformanceTests.dll at Library/ScriptAssemblies/Unity.Collections.PerformanceTests.dll not valid. Loading of assembly skipped.
Assembly Unity.Collections.Tests.dll at Library/ScriptAssemblies/Unity.Collections.Tests.dll not valid. Loading of assembly skipped.
Assembly Unity.Collections.Tests.Playmode.dll at Library/ScriptAssemblies/Unity.Collections.Tests.Playmode.dll not valid. Loading of assembly skipped.
Assembly Unity.InputSystem.IntegrationTests.dll at Library/ScriptAssemblies/Unity.InputSystem.IntegrationTests.dll not valid. Loading of assembly skipped.
Assembly Unity.Mathematics.Tests.dll at Library/ScriptAssemblies/Unity.Mathematics.Tests.dll not valid. Loading of assembly skipped.
Assembly Unity.Multiplayer.Center.Editor.Tests.dll at Library/ScriptAssemblies/Unity.Multiplayer.Center.Editor.Tests.dll not valid. Loading of assembly skipped.
Assembly Unity.Multiplayer.Center.Tests.dll at Library/ScriptAssemblies/Unity.Multiplayer.Center.Tests.dll not valid. Loading of assembly skipped.
Assembly Unity.Nuget.Mono-Cecil.dll at Library/ScriptAssemblies/Unity.Nuget.Mono-Cecil.dll not valid. Loading of assembly skipped.
Assembly Unity.PathTracing.Editor.Tests.dll at Library/ScriptAssemblies/Unity.PathTracing.Editor.Tests.dll not valid. Loading of assembly skipped.
Assembly Unity.PathTracing.Runtime.Tests.dll at Library/ScriptAssemblies/Unity.PathTracing.Runtime.Tests.dll not valid. Loading of assembly skipped.
Assembly Unity.RenderPipelines.Core.Editor.Tests.dll at Library/ScriptAssemblies/Unity.RenderPipelines.Core.Editor.Tests.dll not valid. Loading of assembly skipped.
Assembly Unity.RenderPipelines.Core.Runtime.Tests.dll at Library/ScriptAssemblies/Unity.RenderPipelines.Core.Runtime.Tests.dll not valid. Loading of assembly skipped.
Assembly Unity.RenderPipelines.Universal.Config.Editor.Tests.dll at Library/ScriptAssemblies/Unity.RenderPipelines.Universal.Config.Editor.Tests.dll not valid. Loading of assembly skipped.
Assembly Unity.RenderPipelines.Universal.Editor.Tests.dll at Library/ScriptAssemblies/Unity.RenderPipelines.Universal.Editor.Tests.dll not valid. Loading of assembly skipped.
Assembly Unity.RenderPipelines.Universal.Runtime.Tests.dll at Library/ScriptAssemblies/Unity.RenderPipelines.Universal.Runtime.Tests.dll not valid. Loading of assembly skipped.
Assembly Unity.Searcher.EditorTests.dll at Library/ScriptAssemblies/Unity.Searcher.EditorTests.dll not valid. Loading of assembly skipped.
Assembly Unity.Services.Authentication.PlayerAccounts.EditorTests.dll at Library/ScriptAssemblies/Unity.Services.Authentication.PlayerAccounts.EditorTests.dll not valid. Loading of assembly skipped.
Assembly Unity.Services.Authentication.PlayerAccounts.Tests.dll at Library/ScriptAssemblies/Unity.Services.Authentication.PlayerAccounts.Tests.dll not valid. Loading of assembly skipped.
Assembly Unity.Services.Authentication.Server.dll at Library/ScriptAssemblies/Unity.Services.Authentication.Server.dll not valid. Loading of assembly skipped.
Assembly Unity.Services.Authentication.Server.Tests.dll at Library/ScriptAssemblies/Unity.Services.Authentication.Server.Tests.dll not valid. Loading of assembly skipped.
Assembly Unity.Services.Multiplayer.Server.dll at Library/ScriptAssemblies/Unity.Services.Multiplayer.Server.dll not valid. Loading of assembly skipped.
Assembly Unity.ShaderGraph.Editor.Tests.dll at Library/ScriptAssemblies/Unity.ShaderGraph.Editor.Tests.dll not valid. Loading of assembly skipped.
Assembly Unity.TextMeshPro.Editor.Tests.dll at Library/ScriptAssemblies/Unity.TextMeshPro.Editor.Tests.dll not valid. Loading of assembly skipped.
Assembly Unity.TextMeshPro.Tests.dll at Library/ScriptAssemblies/Unity.TextMeshPro.Tests.dll not valid. Loading of assembly skipped.
Assembly Unity.UnifiedRayTracing.Editor.Tests.dll at Library/ScriptAssemblies/Unity.UnifiedRayTracing.Editor.Tests.dll not valid. Loading of assembly skipped.
Assembly UnityEditor.UI.Common.Tests.dll at Library/ScriptAssemblies/UnityEditor.UI.Common.Tests.dll not valid. Loading of assembly skipped.
Assembly UnityEditor.UI.EditorTests.dll at Library/ScriptAssemblies/UnityEditor.UI.EditorTests.dll not valid. Loading of assembly skipped.
Assembly UnityEngine.UI.Tests.dll at Library/ScriptAssemblies/UnityEngine.UI.Tests.dll not valid. Loading of assembly skipped.
Symbol file LoadedFromMemory is not a mono symbol file
Refreshing native plugins compatible for Editor in 4.66 ms, found 7 plugins.
Native extension for iOS target not found
Native extension for Android target not found
Native extension for WindowsStandalone target not found
[Package Manager] Failed to launch server process. Reason: Unity was launched with the -noUpm command-line argument
[Package Manager] Unable to send message (not connected to server process).
[Package Manager] Cannot connect to Unity Package Manager local server
[Package Manager] Failed to launch server process. Reason: Unity was launched with the -noUpm command-line argument
[Package Manager] Unable to send message (not connected to server process).
[Package Manager] Cannot connect to Unity Package Manager local server
ScheduleIndexationOnStartup MainProcess:False IndexOnStartup:True
Mono: successfully reloaded assembly
- Finished resetting the current domain, in  1.230 seconds
Domain Reload Profiling: 2266ms
	BeginReloadAssembly (223ms)
		DisableScriptedObjects (24ms)
		CreateAndSetChildDomain (62ms)
	RebuildCommonClasses (38ms)
	RebuildNativeTypeToScriptingClass (10ms)
	initialDomainReloadingComplete (88ms)
	LoadAllAssembliesAndSetupDomain (677ms)
		LoadAssemblies (513ms)
		AnalyzeDomain (237ms)
			TypeCache.Refresh (15ms)
			BuildScriptInfoCaches (208ms)
			ResolveRequiredComponents (12ms)
	FinalizeReload (1230ms)
		SetupLoadedEditorAssemblies (0ms)
			InitializePlatformSupportModulesInManaged (13ms)
			BeforeProcessingInitializeOnLoad (249ms)
			ProcessInitializeOnLoadAttributes (605ms)
			ProcessInitializeOnLoadMethodAttributes (145ms)
			AfterProcessingInitializeOnLoad (6ms)
		AwakeInstancesAfterBackupRestoration (20ms)
Refreshing native plugins compatible for Editor in 3.70 ms, found 7 plugins.
Unloading 24 Unused Serialized files (Serialized files now loaded: 0)
Unloading 8891 unused Assets / (6.5 MB). Loaded Objects now: 9723.
Memory consumption went from 196.5 MB to 190.0 MB.
Total: 9.256900 ms (FindLiveObjects: 0.747400 ms CreateObjectMapping: 0.612000 ms MarkObjects: 5.136600 ms  DeleteObjects: 2.759700 ms)

Prepare: number of updated asset objects reloaded= 0
EnvironmentDependencyValues requested are different than current active one (requested -> active):
  graphicsApiMask: 2099200 -> 2361344
========================================================================
Received Prepare
Refreshing native plugins compatible for Editor in 10.42 ms, found 7 plugins.
Unloading 24 Unused Serialized files (Serialized files now loaded: 0)
Unloading 8798 unused Assets / (6.2 MB). Loaded Objects now: 9723.
Memory consumption went from 190.0 MB to 183.8 MB.
Total: 18.150100 ms (FindLiveObjects: 1.659900 ms CreateObjectMapping: 1.392200 ms MarkObjects: 9.953800 ms  DeleteObjects: 5.142100 ms)

Prepare: number of updated asset objects reloaded= 0
EnvironmentDependencyValues requested are different than current active one (requested -> active):
  graphicsApiMask: 2099200 -> 2361344
========================================================================
Received Prepare
[Licensing::Client] Successfully resolved entitlement details
Begin MonoManager ReloadAssembly
[Licensing::Client] Successfully resolved entitlement details
Assembly Assembly-CSharp-Editor-firstpass-testable.dll at Library/ScriptAssemblies/Assembly-CSharp-Editor-firstpass-testable.dll not valid. Loading of assembly skipped.
Assembly Assembly-CSharp-Editor-firstpass.dll at Library/ScriptAssemblies/Assembly-CSharp-Editor-firstpass.dll not valid. Loading of assembly skipped.
Assembly DocCodeExamples.dll at Library/ScriptAssemblies/DocCodeExamples.dll not valid. Loading of assembly skipped.
Assembly TestNewCustomAssembly.dll at Library/ScriptAssemblies/TestNewCustomAssembly.dll not valid. Loading of assembly skipped.
Assembly Unity.2D.Animation.EditorTests.dll at Library/ScriptAssemblies/Unity.2D.Animation.EditorTests.dll not valid. Loading of assembly skipped.
Assembly Unity.2D.Aseprite.EditorTests.dll at Library/ScriptAssemblies/Unity.2D.Aseprite.EditorTests.dll not valid. Loading of assembly skipped.
Assembly Unity.2D.Common.EditorTests.dll at Library/ScriptAssemblies/Unity.2D.Common.EditorTests.dll not valid. Loading of assembly skipped.
Assembly Unity.2D.Psdimporter.EditorTests.dll at Library/ScriptAssemblies/Unity.2D.Psdimporter.EditorTests.dll not valid. Loading of assembly skipped.
Assembly Unity.2D.Sprite.Package.EditorTests.dll at Library/ScriptAssemblies/Unity.2D.Sprite.Package.EditorTests.dll not valid. Loading of assembly skipped.
Assembly Unity.2D.SpriteShape.EditorTests.dll at Library/ScriptAssemblies/Unity.2D.SpriteShape.EditorTests.dll not valid. Loading of assembly skipped.
Assembly Unity.2D.Tilemap.Package.EditorTests.dll at Library/ScriptAssemblies/Unity.2D.Tilemap.Package.EditorTests.dll not valid. Loading of assembly skipped.
Assembly Unity.Collections.BurstCompatibilityGen.dll at Library/ScriptAssemblies/Unity.Collections.BurstCompatibilityGen.dll not valid. Loading of assembly skipped.
Assembly Unity.Collections.DocCodeSamples.dll at Library/ScriptAssemblies/Unity.Collections.DocCodeSamples.dll not valid. Loading of assembly skipped.
Assembly Unity.Collections.PerformanceTests.dll at Library/ScriptAssemblies/Unity.Collections.PerformanceTests.dll not valid. Loading of assembly skipped.
Assembly Unity.Collections.Tests.dll at Library/ScriptAssemblies/Unity.Collections.Tests.dll not valid. Loading of assembly skipped.
Assembly Unity.Collections.Tests.Playmode.dll at Library/ScriptAssemblies/Unity.Collections.Tests.Playmode.dll not valid. Loading of assembly skipped.
Assembly Unity.InputSystem.IntegrationTests.dll at Library/ScriptAssemblies/Unity.InputSystem.IntegrationTests.dll not valid. Loading of assembly skipped.
Assembly Unity.Mathematics.Tests.dll at Library/ScriptAssemblies/Unity.Mathematics.Tests.dll not valid. Loading of assembly skipped.
Assembly Unity.Multiplayer.Center.Editor.Tests.dll at Library/ScriptAssemblies/Unity.Multiplayer.Center.Editor.Tests.dll not valid. Loading of assembly skipped.
Assembly Unity.Multiplayer.Center.Tests.dll at Library/ScriptAssemblies/Unity.Multiplayer.Center.Tests.dll not valid. Loading of assembly skipped.
Assembly Unity.Nuget.Mono-Cecil.dll at Library/ScriptAssemblies/Unity.Nuget.Mono-Cecil.dll not valid. Loading of assembly skipped.
Assembly Unity.PathTracing.Editor.Tests.dll at Library/ScriptAssemblies/Unity.PathTracing.Editor.Tests.dll not valid. Loading of assembly skipped.
Assembly Unity.PathTracing.Runtime.Tests.dll at Library/ScriptAssemblies/Unity.PathTracing.Runtime.Tests.dll not valid. Loading of assembly skipped.
Assembly Unity.RenderPipelines.Core.Editor.Tests.dll at Library/ScriptAssemblies/Unity.RenderPipelines.Core.Editor.Tests.dll not valid. Loading of assembly skipped.
Assembly Unity.RenderPipelines.Core.Runtime.Tests.dll at Library/ScriptAssemblies/Unity.RenderPipelines.Core.Runtime.Tests.dll not valid. Loading of assembly skipped.
Assembly Unity.RenderPipelines.Universal.Config.Editor.Tests.dll at Library/ScriptAssemblies/Unity.RenderPipelines.Universal.Config.Editor.Tests.dll not valid. Loading of assembly skipped.
Assembly Unity.RenderPipelines.Universal.Editor.Tests.dll at Library/ScriptAssemblies/Unity.RenderPipelines.Universal.Editor.Tests.dll not valid. Loading of assembly skipped.
Assembly Unity.RenderPipelines.Universal.Runtime.Tests.dll at Library/ScriptAssemblies/Unity.RenderPipelines.Universal.Runtime.Tests.dll not valid. Loading of assembly skipped.
Assembly Unity.Searcher.EditorTests.dll at Library/ScriptAssemblies/Unity.Searcher.EditorTests.dll not valid. Loading of assembly skipped.
Assembly Unity.Services.Authentication.PlayerAccounts.EditorTests.dll at Library/ScriptAssemblies/Unity.Services.Authentication.PlayerAccounts.EditorTests.dll not valid. Loading of assembly skipped.
Assembly Unity.Services.Authentication.PlayerAccounts.Tests.dll at Library/ScriptAssemblies/Unity.Services.Authentication.PlayerAccounts.Tests.dll not valid. Loading of assembly skipped.
Assembly Unity.Services.Authentication.Server.dll at Library/ScriptAssemblies/Unity.Services.Authentication.Server.dll not valid. Loading of assembly skipped.
Assembly Unity.Services.Authentication.Server.Tests.dll at Library/ScriptAssemblies/Unity.Services.Authentication.Server.Tests.dll not valid. Loading of assembly skipped.
Assembly Unity.Services.Multiplayer.Server.dll at Library/ScriptAssemblies/Unity.Services.Multiplayer.Server.dll not valid. Loading of assembly skipped.
Assembly Unity.ShaderGraph.Editor.Tests.dll at Library/ScriptAssemblies/Unity.ShaderGraph.Editor.Tests.dll not valid. Loading of assembly skipped.
Assembly Unity.TextMeshPro.Editor.Tests.dll at Library/ScriptAssemblies/Unity.TextMeshPro.Editor.Tests.dll not valid. Loading of assembly skipped.
Assembly Unity.TextMeshPro.Tests.dll at Library/ScriptAssemblies/Unity.TextMeshPro.Tests.dll not valid. Loading of assembly skipped.
Assembly Unity.UnifiedRayTracing.Editor.Tests.dll at Library/ScriptAssemblies/Unity.UnifiedRayTracing.Editor.Tests.dll not valid. Loading of assembly skipped.
Assembly UnityEditor.UI.Common.Tests.dll at Library/ScriptAssemblies/UnityEditor.UI.Common.Tests.dll not valid. Loading of assembly skipped.
Assembly UnityEditor.UI.EditorTests.dll at Library/ScriptAssemblies/UnityEditor.UI.EditorTests.dll not valid. Loading of assembly skipped.
Assembly UnityEngine.UI.Tests.dll at Library/ScriptAssemblies/UnityEngine.UI.Tests.dll not valid. Loading of assembly skipped.
Symbol file LoadedFromMemory is not a mono symbol file
Refreshing native plugins compatible for Editor in 4.25 ms, found 7 plugins.
Native extension for iOS target not found
Native extension for Android target not found
Native extension for WindowsStandalone target not found
[Package Manager] Failed to launch server process. Reason: Unity was launched with the -noUpm command-line argument
[Package Manager] Unable to send message (not connected to server process).
[Package Manager] Cannot connect to Unity Package Manager local server
[Package Manager] Failed to launch server process. Reason: Unity was launched with the -noUpm command-line argument
[Package Manager] Unable to send message (not connected to server process).
[Package Manager] Cannot connect to Unity Package Manager local server
ScheduleIndexationOnStartup MainProcess:False IndexOnStartup:True
Mono: successfully reloaded assembly
- Finished resetting the current domain, in  1.238 seconds
Domain Reload Profiling: 2296ms
	BeginReloadAssembly (248ms)
		DisableScriptedObjects (38ms)
		CreateAndSetChildDomain (60ms)
	RebuildCommonClasses (33ms)
	RebuildNativeTypeToScriptingClass (10ms)
	initialDomainReloadingComplete (99ms)
	LoadAllAssembliesAndSetupDomain (667ms)
		LoadAssemblies (490ms)
		AnalyzeDomain (255ms)
			TypeCache.Refresh (15ms)
			BuildScriptInfoCaches (227ms)
			ResolveRequiredComponents (12ms)
	FinalizeReload (1239ms)
		SetupLoadedEditorAssemblies (0ms)
			InitializePlatformSupportModulesInManaged (11ms)
			BeforeProcessingInitializeOnLoad (246ms)
			ProcessInitializeOnLoadAttributes (617ms)
			ProcessInitializeOnLoadMethodAttributes (143ms)
			AfterProcessingInitializeOnLoad (5ms)
		AwakeInstancesAfterBackupRestoration (19ms)
Refreshing native plugins compatible for Editor in 3.34 ms, found 7 plugins.
Unloading 24 Unused Serialized files (Serialized files now loaded: 0)
Unloading 8891 unused Assets / (5.8 MB). Loaded Objects now: 9727.
Memory consumption went from 197.6 MB to 191.7 MB.
Total: 9.740300 ms (FindLiveObjects: 0.698600 ms CreateObjectMapping: 0.640500 ms MarkObjects: 5.946800 ms  DeleteObjects: 2.452500 ms)

Prepare: number of updated asset objects reloaded= 0
EnvironmentDependencyValues requested are different than current active one (requested -> active):
  graphicsApiMask: 2099200 -> 2361344
========================================================================
Received Prepare
Refreshing native plugins compatible for Editor in 12.94 ms, found 7 plugins.
Unloading 24 Unused Serialized files (Serialized files now loaded: 0)
Unloading 8798 unused Assets / (6.1 MB). Loaded Objects now: 9727.
Memory consumption went from 191.0 MB to 184.9 MB.
Total: 22.297700 ms (FindLiveObjects: 1.565300 ms CreateObjectMapping: 0.887800 ms MarkObjects: 13.549300 ms  DeleteObjects: 6.292300 ms)

Prepare: number of updated asset objects reloaded= 0
EnvironmentDependencyValues requested are different than current active one (requested -> active):
  graphicsApiMask: 2099200 -> 2361344
========================================================================
Received Prepare
Refreshing native plugins compatible for Editor in 12.61 ms, found 7 plugins.
Unloading 24 Unused Serialized files (Serialized files now loaded: 0)
Unloading 8798 unused Assets / (6.3 MB). Loaded Objects now: 9727.
Memory consumption went from 190.9 MB to 184.6 MB.
Total: 22.694100 ms (FindLiveObjects: 1.589400 ms CreateObjectMapping: 0.978500 ms MarkObjects: 14.889800 ms  DeleteObjects: 5.234200 ms)

Prepare: number of updated asset objects reloaded= 0
EnvironmentDependencyValues requested are different than current active one (requested -> active):
  graphicsApiMask: 2099200 -> 2361344
========================================================================
Received Prepare
Refreshing native plugins compatible for Editor in 12.37 ms, found 7 plugins.
Unloading 24 Unused Serialized files (Serialized files now loaded: 0)
Unloading 8798 unused Assets / (4.9 MB). Loaded Objects now: 9727.
Memory consumption went from 191.4 MB to 186.4 MB.
Total: 28.889600 ms (FindLiveObjects: 1.624400 ms CreateObjectMapping: 1.693900 ms MarkObjects: 17.200200 ms  DeleteObjects: 8.369000 ms)

Prepare: number of updated asset objects reloaded= 0
EnvironmentDependencyValues requested are different than current active one (requested -> active):
  graphicsApiMask: 2099200 -> 2361344
========================================================================
Received Prepare
Refreshing native plugins compatible for Editor in 12.18 ms, found 7 plugins.
Unloading 24 Unused Serialized files (Serialized files now loaded: 0)
Unloading 8798 unused Assets / (6.4 MB). Loaded Objects now: 9727.
Memory consumption went from 191.8 MB to 185.4 MB.
Total: 22.235500 ms (FindLiveObjects: 1.518700 ms CreateObjectMapping: 0.947600 ms MarkObjects: 15.192500 ms  DeleteObjects: 4.574600 ms)

Prepare: number of updated asset objects reloaded= 0
EnvironmentDependencyValues requested are different than current active one (requested -> active):
  graphicsApiMask: 2099200 -> 2361344
========================================================================
Received Prepare
Refreshing native plugins compatible for Editor in 12.81 ms, found 7 plugins.
Unloading 24 Unused Serialized files (Serialized files now loaded: 0)
Unloading 8798 unused Assets / (7.1 MB). Loaded Objects now: 9727.
Memory consumption went from 192.3 MB to 185.2 MB.
Total: 28.612600 ms (FindLiveObjects: 1.255200 ms CreateObjectMapping: 0.652200 ms MarkObjects: 20.426200 ms  DeleteObjects: 6.277400 ms)

Prepare: number of updated asset objects reloaded= 0
EnvironmentDependencyValues requested are different than current active one (requested -> active):
  graphicsApiMask: 2099200 -> 2361344
========================================================================
Received Prepare
Refreshing native plugins compatible for Editor in 10.54 ms, found 7 plugins.
Unloading 24 Unused Serialized files (Serialized files now loaded: 0)
Unloading 8798 unused Assets / (6.0 MB). Loaded Objects now: 9727.
Memory consumption went from 192.8 MB to 186.8 MB.
Total: 31.974300 ms (FindLiveObjects: 1.878100 ms CreateObjectMapping: 1.260800 ms MarkObjects: 22.752500 ms  DeleteObjects: 6.080500 ms)

Prepare: number of updated asset objects reloaded= 0
EnvironmentDependencyValues requested are different than current active one (requested -> active):
  graphicsApiMask: 2099200 -> 2361344
========================================================================
Received Prepare
Refreshing native plugins compatible for Editor in 12.67 ms, found 7 plugins.
Unloading 24 Unused Serialized files (Serialized files now loaded: 0)
Unloading 8798 unused Assets / (6.2 MB). Loaded Objects now: 9727.
Memory consumption went from 193.3 MB to 187.0 MB.
Total: 23.504200 ms (FindLiveObjects: 1.812900 ms CreateObjectMapping: 1.286200 ms MarkObjects: 15.612800 ms  DeleteObjects: 4.790600 ms)

Prepare: number of updated asset objects reloaded= 0
EnvironmentDependencyValues requested are different than current active one (requested -> active):
  graphicsApiMask: 2099200 -> 2361344
========================================================================
Received Prepare
Refreshing native plugins compatible for Editor in 17.18 ms, found 7 plugins.
Unloading 24 Unused Serialized files (Serialized files now loaded: 0)
Unloading 8798 unused Assets / (7.2 MB). Loaded Objects now: 9727.
Memory consumption went from 193.8 MB to 186.6 MB.
Total: 34.564000 ms (FindLiveObjects: 2.134000 ms CreateObjectMapping: 2.742300 ms MarkObjects: 22.177500 ms  DeleteObjects: 7.506500 ms)

Prepare: number of updated asset objects reloaded= 0
EnvironmentDependencyValues requested are different than current active one (requested -> active):
  graphicsApiMask: 2099200 -> 2361344
========================================================================
Received Prepare
Refreshing native plugins compatible for Editor in 10.14 ms, found 7 plugins.
Unloading 24 Unused Serialized files (Serialized files now loaded: 0)
Unloading 8798 unused Assets / (7.4 MB). Loaded Objects now: 9727.
Memory consumption went from 194.3 MB to 186.9 MB.
Total: 36.251200 ms (FindLiveObjects: 3.251400 ms CreateObjectMapping: 1.487000 ms MarkObjects: 18.843400 ms  DeleteObjects: 12.667100 ms)

Prepare: number of updated asset objects reloaded= 0
EnvironmentDependencyValues requested are different than current active one (requested -> active):
  graphicsApiMask: 2099200 -> 2361344
========================================================================
Received Prepare
Refreshing native plugins compatible for Editor in 14.78 ms, found 7 plugins.
Unloading 24 Unused Serialized files (Serialized files now loaded: 0)
Unloading 8798 unused Assets / (6.4 MB). Loaded Objects now: 9727.
Memory consumption went from 194.7 MB to 188.4 MB.
Total: 33.510700 ms (FindLiveObjects: 1.780300 ms CreateObjectMapping: 2.693900 ms MarkObjects: 23.840200 ms  DeleteObjects: 5.193600 ms)

Prepare: number of updated asset objects reloaded= 0
EnvironmentDependencyValues requested are different than current active one (requested -> active):
  graphicsApiMask: 2099200 -> 2361344
========================================================================
Received Prepare
Refreshing native plugins compatible for Editor in 13.91 ms, found 7 plugins.
Unloading 24 Unused Serialized files (Serialized files now loaded: 0)
Unloading 8798 unused Assets / (6.7 MB). Loaded Objects now: 9727.
Memory consumption went from 195.2 MB to 188.6 MB.
Total: 29.969400 ms (FindLiveObjects: 1.725000 ms CreateObjectMapping: 1.282400 ms MarkObjects: 21.254500 ms  DeleteObjects: 5.705300 ms)

Prepare: number of updated asset objects reloaded= 0
EnvironmentDependencyValues requested are different than current active one (requested -> active):
  graphicsApiMask: 2099200 -> 2361344
========================================================================
Received Prepare
Refreshing native plugins compatible for Editor in 10.27 ms, found 7 plugins.
Unloading 24 Unused Serialized files (Serialized files now loaded: 0)
Unloading 8798 unused Assets / (6.1 MB). Loaded Objects now: 9727.
Memory consumption went from 195.7 MB to 189.6 MB.
Total: 26.436500 ms (FindLiveObjects: 1.663100 ms CreateObjectMapping: 0.908500 ms MarkObjects: 18.490300 ms  DeleteObjects: 5.372700 ms)

Prepare: number of updated asset objects reloaded= 0
EnvironmentDependencyValues requested are different than current active one (requested -> active):
  graphicsApiMask: 2099200 -> 2361344
========================================================================
Received Prepare
Refreshing native plugins compatible for Editor in 14.03 ms, found 7 plugins.
Unloading 24 Unused Serialized files (Serialized files now loaded: 0)
Unloading 8798 unused Assets / (6.8 MB). Loaded Objects now: 9727.
Memory consumption went from 196.2 MB to 189.4 MB.
Total: 39.506500 ms (FindLiveObjects: 1.403400 ms CreateObjectMapping: 0.867800 ms MarkObjects: 30.980800 ms  DeleteObjects: 6.252500 ms)

Prepare: number of updated asset objects reloaded= 0
EnvironmentDependencyValues requested are different than current active one (requested -> active):
  graphicsApiMask: 2099200 -> 2361344
========================================================================
Received Prepare
Refreshing native plugins compatible for Editor in 12.72 ms, found 7 plugins.
Unloading 24 Unused Serialized files (Serialized files now loaded: 0)
Unloading 8798 unused Assets / (6.3 MB). Loaded Objects now: 9727.
Memory consumption went from 196.7 MB to 190.4 MB.
Total: 22.100900 ms (FindLiveObjects: 1.452400 ms CreateObjectMapping: 1.113400 ms MarkObjects: 15.235400 ms  DeleteObjects: 4.297800 ms)

Prepare: number of updated asset objects reloaded= 0
EnvironmentDependencyValues requested are different than current active one (requested -> active):
  graphicsApiMask: 2099200 -> 2361344
========================================================================
Received Prepare
Refreshing native plugins compatible for Editor in 12.64 ms, found 7 plugins.
Unloading 24 Unused Serialized files (Serialized files now loaded: 0)
Unloading 8798 unused Assets / (6.8 MB). Loaded Objects now: 9727.
Memory consumption went from 197.2 MB to 190.3 MB.
Total: 29.935800 ms (FindLiveObjects: 1.673100 ms CreateObjectMapping: 1.004000 ms MarkObjects: 20.760500 ms  DeleteObjects: 6.495800 ms)

Prepare: number of updated asset objects reloaded= 0
EnvironmentDependencyValues requested are different than current active one (requested -> active):
  graphicsApiMask: 2099200 -> 2361344
========================================================================
Received Prepare
[Licensing::Client] Successfully resolved entitlement details
Begin MonoManager ReloadAssembly
[Licensing::Client] Successfully resolved entitlement details
Assembly Assembly-CSharp-Editor-firstpass-testable.dll at Library/ScriptAssemblies/Assembly-CSharp-Editor-firstpass-testable.dll not valid. Loading of assembly skipped.
Assembly Assembly-CSharp-Editor-firstpass.dll at Library/ScriptAssemblies/Assembly-CSharp-Editor-firstpass.dll not valid. Loading of assembly skipped.
Assembly DocCodeExamples.dll at Library/ScriptAssemblies/DocCodeExamples.dll not valid. Loading of assembly skipped.
Assembly TestNewCustomAssembly.dll at Library/ScriptAssemblies/TestNewCustomAssembly.dll not valid. Loading of assembly skipped.
Assembly Unity.2D.Animation.EditorTests.dll at Library/ScriptAssemblies/Unity.2D.Animation.EditorTests.dll not valid. Loading of assembly skipped.
Assembly Unity.2D.Aseprite.EditorTests.dll at Library/ScriptAssemblies/Unity.2D.Aseprite.EditorTests.dll not valid. Loading of assembly skipped.
Assembly Unity.2D.Common.EditorTests.dll at Library/ScriptAssemblies/Unity.2D.Common.EditorTests.dll not valid. Loading of assembly skipped.
Assembly Unity.2D.Psdimporter.EditorTests.dll at Library/ScriptAssemblies/Unity.2D.Psdimporter.EditorTests.dll not valid. Loading of assembly skipped.
Assembly Unity.2D.Sprite.Package.EditorTests.dll at Library/ScriptAssemblies/Unity.2D.Sprite.Package.EditorTests.dll not valid. Loading of assembly skipped.
Assembly Unity.2D.SpriteShape.EditorTests.dll at Library/ScriptAssemblies/Unity.2D.SpriteShape.EditorTests.dll not valid. Loading of assembly skipped.
Assembly Unity.2D.Tilemap.Package.EditorTests.dll at Library/ScriptAssemblies/Unity.2D.Tilemap.Package.EditorTests.dll not valid. Loading of assembly skipped.
Assembly Unity.Collections.BurstCompatibilityGen.dll at Library/ScriptAssemblies/Unity.Collections.BurstCompatibilityGen.dll not valid. Loading of assembly skipped.
Assembly Unity.Collections.DocCodeSamples.dll at Library/ScriptAssemblies/Unity.Collections.DocCodeSamples.dll not valid. Loading of assembly skipped.
Assembly Unity.Collections.PerformanceTests.dll at Library/ScriptAssemblies/Unity.Collections.PerformanceTests.dll not valid. Loading of assembly skipped.
Assembly Unity.Collections.Tests.dll at Library/ScriptAssemblies/Unity.Collections.Tests.dll not valid. Loading of assembly skipped.
Assembly Unity.Collections.Tests.Playmode.dll at Library/ScriptAssemblies/Unity.Collections.Tests.Playmode.dll not valid. Loading of assembly skipped.
Assembly Unity.InputSystem.IntegrationTests.dll at Library/ScriptAssemblies/Unity.InputSystem.IntegrationTests.dll not valid. Loading of assembly skipped.
Assembly Unity.Mathematics.Tests.dll at Library/ScriptAssemblies/Unity.Mathematics.Tests.dll not valid. Loading of assembly skipped.
Assembly Unity.Multiplayer.Center.Editor.Tests.dll at Library/ScriptAssemblies/Unity.Multiplayer.Center.Editor.Tests.dll not valid. Loading of assembly skipped.
Assembly Unity.Multiplayer.Center.Tests.dll at Library/ScriptAssemblies/Unity.Multiplayer.Center.Tests.dll not valid. Loading of assembly skipped.
Assembly Unity.Nuget.Mono-Cecil.dll at Library/ScriptAssemblies/Unity.Nuget.Mono-Cecil.dll not valid. Loading of assembly skipped.
Assembly Unity.PathTracing.Editor.Tests.dll at Library/ScriptAssemblies/Unity.PathTracing.Editor.Tests.dll not valid. Loading of assembly skipped.
Assembly Unity.PathTracing.Runtime.Tests.dll at Library/ScriptAssemblies/Unity.PathTracing.Runtime.Tests.dll not valid. Loading of assembly skipped.
Assembly Unity.RenderPipelines.Core.Editor.Tests.dll at Library/ScriptAssemblies/Unity.RenderPipelines.Core.Editor.Tests.dll not valid. Loading of assembly skipped.
Assembly Unity.RenderPipelines.Core.Runtime.Tests.dll at Library/ScriptAssemblies/Unity.RenderPipelines.Core.Runtime.Tests.dll not valid. Loading of assembly skipped.
Assembly Unity.RenderPipelines.Universal.Config.Editor.Tests.dll at Library/ScriptAssemblies/Unity.RenderPipelines.Universal.Config.Editor.Tests.dll not valid. Loading of assembly skipped.
Assembly Unity.RenderPipelines.Universal.Editor.Tests.dll at Library/ScriptAssemblies/Unity.RenderPipelines.Universal.Editor.Tests.dll not valid. Loading of assembly skipped.
Assembly Unity.RenderPipelines.Universal.Runtime.Tests.dll at Library/ScriptAssemblies/Unity.RenderPipelines.Universal.Runtime.Tests.dll not valid. Loading of assembly skipped.
Assembly Unity.Searcher.EditorTests.dll at Library/ScriptAssemblies/Unity.Searcher.EditorTests.dll not valid. Loading of assembly skipped.
Assembly Unity.Services.Authentication.PlayerAccounts.EditorTests.dll at Library/ScriptAssemblies/Unity.Services.Authentication.PlayerAccounts.EditorTests.dll not valid. Loading of assembly skipped.
Assembly Unity.Services.Authentication.PlayerAccounts.Tests.dll at Library/ScriptAssemblies/Unity.Services.Authentication.PlayerAccounts.Tests.dll not valid. Loading of assembly skipped.
Assembly Unity.Services.Authentication.Server.dll at Library/ScriptAssemblies/Unity.Services.Authentication.Server.dll not valid. Loading of assembly skipped.
Assembly Unity.Services.Authentication.Server.Tests.dll at Library/ScriptAssemblies/Unity.Services.Authentication.Server.Tests.dll not valid. Loading of assembly skipped.
Assembly Unity.Services.Multiplayer.Server.dll at Library/ScriptAssemblies/Unity.Services.Multiplayer.Server.dll not valid. Loading of assembly skipped.
Assembly Unity.ShaderGraph.Editor.Tests.dll at Library/ScriptAssemblies/Unity.ShaderGraph.Editor.Tests.dll not valid. Loading of assembly skipped.
Assembly Unity.TextMeshPro.Editor.Tests.dll at Library/ScriptAssemblies/Unity.TextMeshPro.Editor.Tests.dll not valid. Loading of assembly skipped.
Assembly Unity.TextMeshPro.Tests.dll at Library/ScriptAssemblies/Unity.TextMeshPro.Tests.dll not valid. Loading of assembly skipped.
Assembly Unity.UnifiedRayTracing.Editor.Tests.dll at Library/ScriptAssemblies/Unity.UnifiedRayTracing.Editor.Tests.dll not valid. Loading of assembly skipped.
Assembly UnityEditor.UI.Common.Tests.dll at Library/ScriptAssemblies/UnityEditor.UI.Common.Tests.dll not valid. Loading of assembly skipped.
Assembly UnityEditor.UI.EditorTests.dll at Library/ScriptAssemblies/UnityEditor.UI.EditorTests.dll not valid. Loading of assembly skipped.
Assembly UnityEngine.UI.Tests.dll at Library/ScriptAssemblies/UnityEngine.UI.Tests.dll not valid. Loading of assembly skipped.
Symbol file LoadedFromMemory is not a mono symbol file
Refreshing native plugins compatible for Editor in 19.36 ms, found 7 plugins.
Native extension for iOS target not found
Native extension for Android target not found
Native extension for WindowsStandalone target not found
[Package Manager] Failed to launch server process. Reason: Unity was launched with the -noUpm command-line argument
[Package Manager] Unable to send message (not connected to server process).
[Package Manager] Cannot connect to Unity Package Manager local server
[Package Manager] Failed to launch server process. Reason: Unity was launched with the -noUpm command-line argument
[Package Manager] Unable to send message (not connected to server process).
[Package Manager] Cannot connect to Unity Package Manager local server
ScheduleIndexationOnStartup MainProcess:False IndexOnStartup:True
Mono: successfully reloaded assembly
- Finished resetting the current domain, in  3.465 seconds
Domain Reload Profiling: 6662ms
	BeginReloadAssembly (801ms)
		DisableScriptedObjects (110ms)
		CreateAndSetChildDomain (239ms)
	RebuildCommonClasses (88ms)
	RebuildNativeTypeToScriptingClass (30ms)
	initialDomainReloadingComplete (287ms)
	LoadAllAssembliesAndSetupDomain (1990ms)
		LoadAssemblies (1608ms)
		AnalyzeDomain (665ms)
			TypeCache.Refresh (43ms)
				TypeCache.ScanAssembly (4ms)
			BuildScriptInfoCaches (578ms)
			ResolveRequiredComponents (31ms)
	FinalizeReload (3466ms)
		SetupLoadedEditorAssemblies (0ms)
			InitializePlatformSupportModulesInManaged (31ms)
			BeforeProcessingInitializeOnLoad (679ms)
			ProcessInitializeOnLoadAttributes (1690ms)
			ProcessInitializeOnLoadMethodAttributes (455ms)
			AfterProcessingInitializeOnLoad (16ms)
		AwakeInstancesAfterBackupRestoration (80ms)
Refreshing native plugins compatible for Editor in 14.91 ms, found 7 plugins.
Unloading 24 Unused Serialized files (Serialized files now loaded: 0)
Unloading 8891 unused Assets / (5.9 MB). Loaded Objects now: 9731.
Memory consumption went from 205.4 MB to 199.5 MB.
Total: 21.685100 ms (FindLiveObjects: 1.740000 ms CreateObjectMapping: 1.150700 ms MarkObjects: 13.983100 ms  DeleteObjects: 4.808700 ms)

Prepare: number of updated asset objects reloaded= 0
EnvironmentDependencyValues requested are different than current active one (requested -> active):
  graphicsApiMask: 2099200 -> 2361344
========================================================================
Received Prepare
Begin MonoManager ReloadAssembly
Assembly Assembly-CSharp-Editor-firstpass-testable.dll at Library/ScriptAssemblies/Assembly-CSharp-Editor-firstpass-testable.dll not valid. Loading of assembly skipped.
Assembly Assembly-CSharp-Editor-firstpass.dll at Library/ScriptAssemblies/Assembly-CSharp-Editor-firstpass.dll not valid. Loading of assembly skipped.
Assembly DocCodeExamples.dll at Library/ScriptAssemblies/DocCodeExamples.dll not valid. Loading of assembly skipped.
Assembly TestNewCustomAssembly.dll at Library/ScriptAssemblies/TestNewCustomAssembly.dll not valid. Loading of assembly skipped.
Assembly Unity.2D.Animation.EditorTests.dll at Library/ScriptAssemblies/Unity.2D.Animation.EditorTests.dll not valid. Loading of assembly skipped.
Assembly Unity.2D.Aseprite.EditorTests.dll at Library/ScriptAssemblies/Unity.2D.Aseprite.EditorTests.dll not valid. Loading of assembly skipped.
Assembly Unity.2D.Common.EditorTests.dll at Library/ScriptAssemblies/Unity.2D.Common.EditorTests.dll not valid. Loading of assembly skipped.
Assembly Unity.2D.Psdimporter.EditorTests.dll at Library/ScriptAssemblies/Unity.2D.Psdimporter.EditorTests.dll not valid. Loading of assembly skipped.
Assembly Unity.2D.Sprite.Package.EditorTests.dll at Library/ScriptAssemblies/Unity.2D.Sprite.Package.EditorTests.dll not valid. Loading of assembly skipped.
Assembly Unity.2D.SpriteShape.EditorTests.dll at Library/ScriptAssemblies/Unity.2D.SpriteShape.EditorTests.dll not valid. Loading of assembly skipped.
Assembly Unity.2D.Tilemap.Package.EditorTests.dll at Library/ScriptAssemblies/Unity.2D.Tilemap.Package.EditorTests.dll not valid. Loading of assembly skipped.
Assembly Unity.Collections.BurstCompatibilityGen.dll at Library/ScriptAssemblies/Unity.Collections.BurstCompatibilityGen.dll not valid. Loading of assembly skipped.
Assembly Unity.Collections.DocCodeSamples.dll at Library/ScriptAssemblies/Unity.Collections.DocCodeSamples.dll not valid. Loading of assembly skipped.
Assembly Unity.Collections.PerformanceTests.dll at Library/ScriptAssemblies/Unity.Collections.PerformanceTests.dll not valid. Loading of assembly skipped.
Assembly Unity.Collections.Tests.dll at Library/ScriptAssemblies/Unity.Collections.Tests.dll not valid. Loading of assembly skipped.
Assembly Unity.Collections.Tests.Playmode.dll at Library/ScriptAssemblies/Unity.Collections.Tests.Playmode.dll not valid. Loading of assembly skipped.
Assembly Unity.InputSystem.IntegrationTests.dll at Library/ScriptAssemblies/Unity.InputSystem.IntegrationTests.dll not valid. Loading of assembly skipped.
Assembly Unity.Mathematics.Tests.dll at Library/ScriptAssemblies/Unity.Mathematics.Tests.dll not valid. Loading of assembly skipped.
Assembly Unity.Multiplayer.Center.Editor.Tests.dll at Library/ScriptAssemblies/Unity.Multiplayer.Center.Editor.Tests.dll not valid. Loading of assembly skipped.
Assembly Unity.Multiplayer.Center.Tests.dll at Library/ScriptAssemblies/Unity.Multiplayer.Center.Tests.dll not valid. Loading of assembly skipped.
Assembly Unity.Nuget.Mono-Cecil.dll at Library/ScriptAssemblies/Unity.Nuget.Mono-Cecil.dll not valid. Loading of assembly skipped.
Assembly Unity.PathTracing.Editor.Tests.dll at Library/ScriptAssemblies/Unity.PathTracing.Editor.Tests.dll not valid. Loading of assembly skipped.
Assembly Unity.PathTracing.Runtime.Tests.dll at Library/ScriptAssemblies/Unity.PathTracing.Runtime.Tests.dll not valid. Loading of assembly skipped.
Assembly Unity.RenderPipelines.Core.Editor.Tests.dll at Library/ScriptAssemblies/Unity.RenderPipelines.Core.Editor.Tests.dll not valid. Loading of assembly skipped.
Assembly Unity.RenderPipelines.Core.Runtime.Tests.dll at Library/ScriptAssemblies/Unity.RenderPipelines.Core.Runtime.Tests.dll not valid. Loading of assembly skipped.
Assembly Unity.RenderPipelines.Universal.Config.Editor.Tests.dll at Library/ScriptAssemblies/Unity.RenderPipelines.Universal.Config.Editor.Tests.dll not valid. Loading of assembly skipped.
Assembly Unity.RenderPipelines.Universal.Editor.Tests.dll at Library/ScriptAssemblies/Unity.RenderPipelines.Universal.Editor.Tests.dll not valid. Loading of assembly skipped.
Assembly Unity.RenderPipelines.Universal.Runtime.Tests.dll at Library/ScriptAssemblies/Unity.RenderPipelines.Universal.Runtime.Tests.dll not valid. Loading of assembly skipped.
Assembly Unity.Searcher.EditorTests.dll at Library/ScriptAssemblies/Unity.Searcher.EditorTests.dll not valid. Loading of assembly skipped.
Assembly Unity.Services.Authentication.PlayerAccounts.EditorTests.dll at Library/ScriptAssemblies/Unity.Services.Authentication.PlayerAccounts.EditorTests.dll not valid. Loading of assembly skipped.
Assembly Unity.Services.Authentication.PlayerAccounts.Tests.dll at Library/ScriptAssemblies/Unity.Services.Authentication.PlayerAccounts.Tests.dll not valid. Loading of assembly skipped.
Assembly Unity.Services.Authentication.Server.dll at Library/ScriptAssemblies/Unity.Services.Authentication.Server.dll not valid. Loading of assembly skipped.
Assembly Unity.Services.Authentication.Server.Tests.dll at Library/ScriptAssemblies/Unity.Services.Authentication.Server.Tests.dll not valid. Loading of assembly skipped.
Assembly Unity.Services.Multiplayer.Server.dll at Library/ScriptAssemblies/Unity.Services.Multiplayer.Server.dll not valid. Loading of assembly skipped.
Assembly Unity.ShaderGraph.Editor.Tests.dll at Library/ScriptAssemblies/Unity.ShaderGraph.Editor.Tests.dll not valid. Loading of assembly skipped.
Assembly Unity.TextMeshPro.Editor.Tests.dll at Library/ScriptAssemblies/Unity.TextMeshPro.Editor.Tests.dll not valid. Loading of assembly skipped.
Assembly Unity.TextMeshPro.Tests.dll at Library/ScriptAssemblies/Unity.TextMeshPro.Tests.dll not valid. Loading of assembly skipped.
Assembly Unity.UnifiedRayTracing.Editor.Tests.dll at Library/ScriptAssemblies/Unity.UnifiedRayTracing.Editor.Tests.dll not valid. Loading of assembly skipped.
Assembly UnityEditor.UI.Common.Tests.dll at Library/ScriptAssemblies/UnityEditor.UI.Common.Tests.dll not valid. Loading of assembly skipped.
Assembly UnityEditor.UI.EditorTests.dll at Library/ScriptAssemblies/UnityEditor.UI.EditorTests.dll not valid. Loading of assembly skipped.
Assembly UnityEngine.UI.Tests.dll at Library/ScriptAssemblies/UnityEngine.UI.Tests.dll not valid. Loading of assembly skipped.
Symbol file LoadedFromMemory is not a mono symbol file
Refreshing native plugins compatible for Editor in 3.98 ms, found 7 plugins.
Native extension for iOS target not found
Native extension for Android target not found
Native extension for WindowsStandalone target not found
[Package Manager] Failed to launch server process. Reason: Unity was launched with the -noUpm command-line argument
[Package Manager] Unable to send message (not connected to server process).
[Package Manager] Cannot connect to Unity Package Manager local server
[Package Manager] Failed to launch server process. Reason: Unity was launched with the -noUpm command-line argument
[Package Manager] Unable to send message (not connected to server process).
[Package Manager] Cannot connect to Unity Package Manager local server
ScheduleIndexationOnStartup MainProcess:False IndexOnStartup:True
Mono: successfully reloaded assembly
- Finished resetting the current domain, in  1.148 seconds
Domain Reload Profiling: 2124ms
	BeginReloadAssembly (241ms)
		DisableScriptedObjects (54ms)
		CreateAndSetChildDomain (55ms)
	RebuildCommonClasses (32ms)
	RebuildNativeTypeToScriptingClass (11ms)
	initialDomainReloadingComplete (75ms)
	LoadAllAssembliesAndSetupDomain (617ms)
		LoadAssemblies (443ms)
		AnalyzeDomain (245ms)
			TypeCache.Refresh (17ms)
			BuildScriptInfoCaches (217ms)
			ResolveRequiredComponents (9ms)
	FinalizeReload (1148ms)
		SetupLoadedEditorAssemblies (0ms)
			InitializePlatformSupportModulesInManaged (11ms)
			BeforeProcessingInitializeOnLoad (215ms)
			ProcessInitializeOnLoadAttributes (553ms)
			ProcessInitializeOnLoadMethodAttributes (160ms)
			AfterProcessingInitializeOnLoad (4ms)
		AwakeInstancesAfterBackupRestoration (20ms)
Refreshing native plugins compatible for Editor in 3.67 ms, found 7 plugins.
Unloading 24 Unused Serialized files (Serialized files now loaded: 0)
Unloading 8891 unused Assets / (5.9 MB). Loaded Objects now: 9735.
Memory consumption went from 205.9 MB to 200.0 MB.
Total: 9.176900 ms (FindLiveObjects: 0.811600 ms CreateObjectMapping: 0.802900 ms MarkObjects: 5.350400 ms  DeleteObjects: 2.210600 ms)

Prepare: number of updated asset objects reloaded= 0
EnvironmentDependencyValues requested are different than current active one (requested -> active):
  graphicsApiMask: 2099200 -> 2361344
========================================================================
Received Prepare
Refreshing native plugins compatible for Editor in 3.94 ms, found 7 plugins.
Unloading 24 Unused Serialized files (Serialized files now loaded: 0)
Unloading 8798 unused Assets / (5.8 MB). Loaded Objects now: 9735.
Memory consumption went from 199.4 MB to 193.6 MB.
Total: 9.791700 ms (FindLiveObjects: 0.668700 ms CreateObjectMapping: 0.410800 ms MarkObjects: 6.649900 ms  DeleteObjects: 2.059200 ms)

Prepare: number of updated asset objects reloaded= 0
EnvironmentDependencyValues requested are different than current active one (requested -> active):
  graphicsApiMask: 2099200 -> 2361344
========================================================================
Received Prepare
[Licensing::Client] Successfully resolved entitlement details
Begin MonoManager ReloadAssembly
[Licensing::Client] Successfully resolved entitlement details
Assembly Assembly-CSharp-Editor-firstpass-testable.dll at Library/ScriptAssemblies/Assembly-CSharp-Editor-firstpass-testable.dll not valid. Loading of assembly skipped.
Assembly Assembly-CSharp-Editor-firstpass.dll at Library/ScriptAssemblies/Assembly-CSharp-Editor-firstpass.dll not valid. Loading of assembly skipped.
Assembly DocCodeExamples.dll at Library/ScriptAssemblies/DocCodeExamples.dll not valid. Loading of assembly skipped.
Assembly TestNewCustomAssembly.dll at Library/ScriptAssemblies/TestNewCustomAssembly.dll not valid. Loading of assembly skipped.
Assembly Unity.2D.Animation.EditorTests.dll at Library/ScriptAssemblies/Unity.2D.Animation.EditorTests.dll not valid. Loading of assembly skipped.
Assembly Unity.2D.Aseprite.EditorTests.dll at Library/ScriptAssemblies/Unity.2D.Aseprite.EditorTests.dll not valid. Loading of assembly skipped.
Assembly Unity.2D.Common.EditorTests.dll at Library/ScriptAssemblies/Unity.2D.Common.EditorTests.dll not valid. Loading of assembly skipped.
Assembly Unity.2D.Psdimporter.EditorTests.dll at Library/ScriptAssemblies/Unity.2D.Psdimporter.EditorTests.dll not valid. Loading of assembly skipped.
Assembly Unity.2D.Sprite.Package.EditorTests.dll at Library/ScriptAssemblies/Unity.2D.Sprite.Package.EditorTests.dll not valid. Loading of assembly skipped.
Assembly Unity.2D.SpriteShape.EditorTests.dll at Library/ScriptAssemblies/Unity.2D.SpriteShape.EditorTests.dll not valid. Loading of assembly skipped.
Assembly Unity.2D.Tilemap.Package.EditorTests.dll at Library/ScriptAssemblies/Unity.2D.Tilemap.Package.EditorTests.dll not valid. Loading of assembly skipped.
Assembly Unity.Collections.BurstCompatibilityGen.dll at Library/ScriptAssemblies/Unity.Collections.BurstCompatibilityGen.dll not valid. Loading of assembly skipped.
Assembly Unity.Collections.DocCodeSamples.dll at Library/ScriptAssemblies/Unity.Collections.DocCodeSamples.dll not valid. Loading of assembly skipped.
Assembly Unity.Collections.PerformanceTests.dll at Library/ScriptAssemblies/Unity.Collections.PerformanceTests.dll not valid. Loading of assembly skipped.
Assembly Unity.Collections.Tests.dll at Library/ScriptAssemblies/Unity.Collections.Tests.dll not valid. Loading of assembly skipped.
Assembly Unity.Collections.Tests.Playmode.dll at Library/ScriptAssemblies/Unity.Collections.Tests.Playmode.dll not valid. Loading of assembly skipped.
Assembly Unity.InputSystem.IntegrationTests.dll at Library/ScriptAssemblies/Unity.InputSystem.IntegrationTests.dll not valid. Loading of assembly skipped.
Assembly Unity.Mathematics.Tests.dll at Library/ScriptAssemblies/Unity.Mathematics.Tests.dll not valid. Loading of assembly skipped.
Assembly Unity.Multiplayer.Center.Editor.Tests.dll at Library/ScriptAssemblies/Unity.Multiplayer.Center.Editor.Tests.dll not valid. Loading of assembly skipped.
Assembly Unity.Multiplayer.Center.Tests.dll at Library/ScriptAssemblies/Unity.Multiplayer.Center.Tests.dll not valid. Loading of assembly skipped.
Assembly Unity.Nuget.Mono-Cecil.dll at Library/ScriptAssemblies/Unity.Nuget.Mono-Cecil.dll not valid. Loading of assembly skipped.
Assembly Unity.PathTracing.Editor.Tests.dll at Library/ScriptAssemblies/Unity.PathTracing.Editor.Tests.dll not valid. Loading of assembly skipped.
Assembly Unity.PathTracing.Runtime.Tests.dll at Library/ScriptAssemblies/Unity.PathTracing.Runtime.Tests.dll not valid. Loading of assembly skipped.
Assembly Unity.RenderPipelines.Core.Editor.Tests.dll at Library/ScriptAssemblies/Unity.RenderPipelines.Core.Editor.Tests.dll not valid. Loading of assembly skipped.
Assembly Unity.RenderPipelines.Core.Runtime.Tests.dll at Library/ScriptAssemblies/Unity.RenderPipelines.Core.Runtime.Tests.dll not valid. Loading of assembly skipped.
Assembly Unity.RenderPipelines.Universal.Config.Editor.Tests.dll at Library/ScriptAssemblies/Unity.RenderPipelines.Universal.Config.Editor.Tests.dll not valid. Loading of assembly skipped.
Assembly Unity.RenderPipelines.Universal.Editor.Tests.dll at Library/ScriptAssemblies/Unity.RenderPipelines.Universal.Editor.Tests.dll not valid. Loading of assembly skipped.
Assembly Unity.RenderPipelines.Universal.Runtime.Tests.dll at Library/ScriptAssemblies/Unity.RenderPipelines.Universal.Runtime.Tests.dll not valid. Loading of assembly skipped.
Assembly Unity.Searcher.EditorTests.dll at Library/ScriptAssemblies/Unity.Searcher.EditorTests.dll not valid. Loading of assembly skipped.
Assembly Unity.Services.Authentication.PlayerAccounts.EditorTests.dll at Library/ScriptAssemblies/Unity.Services.Authentication.PlayerAccounts.EditorTests.dll not valid. Loading of assembly skipped.
Assembly Unity.Services.Authentication.PlayerAccounts.Tests.dll at Library/ScriptAssemblies/Unity.Services.Authentication.PlayerAccounts.Tests.dll not valid. Loading of assembly skipped.
Assembly Unity.Services.Authentication.Server.dll at Library/ScriptAssemblies/Unity.Services.Authentication.Server.dll not valid. Loading of assembly skipped.
Assembly Unity.Services.Authentication.Server.Tests.dll at Library/ScriptAssemblies/Unity.Services.Authentication.Server.Tests.dll not valid. Loading of assembly skipped.
Assembly Unity.Services.Multiplayer.Server.dll at Library/ScriptAssemblies/Unity.Services.Multiplayer.Server.dll not valid. Loading of assembly skipped.
Assembly Unity.ShaderGraph.Editor.Tests.dll at Library/ScriptAssemblies/Unity.ShaderGraph.Editor.Tests.dll not valid. Loading of assembly skipped.
Assembly Unity.TextMeshPro.Editor.Tests.dll at Library/ScriptAssemblies/Unity.TextMeshPro.Editor.Tests.dll not valid. Loading of assembly skipped.
Assembly Unity.TextMeshPro.Tests.dll at Library/ScriptAssemblies/Unity.TextMeshPro.Tests.dll not valid. Loading of assembly skipped.
Assembly Unity.UnifiedRayTracing.Editor.Tests.dll at Library/ScriptAssemblies/Unity.UnifiedRayTracing.Editor.Tests.dll not valid. Loading of assembly skipped.
Assembly UnityEditor.UI.Common.Tests.dll at Library/ScriptAssemblies/UnityEditor.UI.Common.Tests.dll not valid. Loading of assembly skipped.
Assembly UnityEditor.UI.EditorTests.dll at Library/ScriptAssemblies/UnityEditor.UI.EditorTests.dll not valid. Loading of assembly skipped.
Assembly UnityEngine.UI.Tests.dll at Library/ScriptAssemblies/UnityEngine.UI.Tests.dll not valid. Loading of assembly skipped.
Symbol file LoadedFromMemory is not a mono symbol file
Refreshing native plugins compatible for Editor in 10.68 ms, found 7 plugins.
Native extension for iOS target not found
Native extension for Android target not found
Native extension for WindowsStandalone target not found
[Package Manager] Failed to launch server process. Reason: Unity was launched with the -noUpm command-line argument
[Package Manager] Unable to send message (not connected to server process).
[Package Manager] Cannot connect to Unity Package Manager local server
[Package Manager] Failed to launch server process. Reason: Unity was launched with the -noUpm command-line argument
[Package Manager] Unable to send message (not connected to server process).
[Package Manager] Cannot connect to Unity Package Manager local server
ScheduleIndexationOnStartup MainProcess:False IndexOnStartup:True
Mono: successfully reloaded assembly
- Finished resetting the current domain, in  3.195 seconds
Domain Reload Profiling: 5754ms
	BeginReloadAssembly (508ms)
		DisableScriptedObjects (69ms)
		CreateAndSetChildDomain (123ms)
	RebuildCommonClasses (78ms)
	RebuildNativeTypeToScriptingClass (26ms)
	initialDomainReloadingComplete (207ms)
	LoadAllAssembliesAndSetupDomain (1739ms)
		LoadAssemblies (1259ms)
		AnalyzeDomain (661ms)
			TypeCache.Refresh (31ms)
				TypeCache.ScanAssembly (4ms)
			BuildScriptInfoCaches (598ms)
			ResolveRequiredComponents (28ms)
	FinalizeReload (3196ms)
		SetupLoadedEditorAssemblies (0ms)
			InitializePlatformSupportModulesInManaged (27ms)
			BeforeProcessingInitializeOnLoad (589ms)
			ProcessInitializeOnLoadAttributes (1562ms)
			ProcessInitializeOnLoadMethodAttributes (462ms)
			AfterProcessingInitializeOnLoad (13ms)
		AwakeInstancesAfterBackupRestoration (61ms)
Refreshing native plugins compatible for Editor in 13.34 ms, found 7 plugins.
Unloading 24 Unused Serialized files (Serialized files now loaded: 0)
Unloading 8891 unused Assets / (7.3 MB). Loaded Objects now: 9739.
Memory consumption went from 207.0 MB to 199.6 MB.
Total: 28.030900 ms (FindLiveObjects: 2.071100 ms CreateObjectMapping: 1.273300 ms MarkObjects: 15.426600 ms  DeleteObjects: 9.257000 ms)

Prepare: number of updated asset objects reloaded= 0
EnvironmentDependencyValues requested are different than current active one (requested -> active):
  graphicsApiMask: 2099200 -> 2361344
========================================================================
Received Prepare
Refreshing native plugins compatible for Editor in 12.94 ms, found 7 plugins.
Unloading 24 Unused Serialized files (Serialized files now loaded: 0)
Unloading 8798 unused Assets / (6.1 MB). Loaded Objects now: 9739.
Memory consumption went from 200.4 MB to 194.3 MB.
Total: 20.475000 ms (FindLiveObjects: 1.490000 ms CreateObjectMapping: 1.171200 ms MarkObjects: 11.783100 ms  DeleteObjects: 6.028400 ms)

Prepare: number of updated asset objects reloaded= 0
EnvironmentDependencyValues requested are different than current active one (requested -> active):
  graphicsApiMask: 2099200 -> 2361344
========================================================================
Received Prepare
Begin MonoManager ReloadAssembly
Assembly Assembly-CSharp-Editor-firstpass-testable.dll at Library/ScriptAssemblies/Assembly-CSharp-Editor-firstpass-testable.dll not valid. Loading of assembly skipped.
Assembly Assembly-CSharp-Editor-firstpass.dll at Library/ScriptAssemblies/Assembly-CSharp-Editor-firstpass.dll not valid. Loading of assembly skipped.
Assembly DocCodeExamples.dll at Library/ScriptAssemblies/DocCodeExamples.dll not valid. Loading of assembly skipped.
Assembly TestNewCustomAssembly.dll at Library/ScriptAssemblies/TestNewCustomAssembly.dll not valid. Loading of assembly skipped.
Assembly Unity.2D.Animation.EditorTests.dll at Library/ScriptAssemblies/Unity.2D.Animation.EditorTests.dll not valid. Loading of assembly skipped.
Assembly Unity.2D.Aseprite.EditorTests.dll at Library/ScriptAssemblies/Unity.2D.Aseprite.EditorTests.dll not valid. Loading of assembly skipped.
Assembly Unity.2D.Common.EditorTests.dll at Library/ScriptAssemblies/Unity.2D.Common.EditorTests.dll not valid. Loading of assembly skipped.
Assembly Unity.2D.Psdimporter.EditorTests.dll at Library/ScriptAssemblies/Unity.2D.Psdimporter.EditorTests.dll not valid. Loading of assembly skipped.
Assembly Unity.2D.Sprite.Package.EditorTests.dll at Library/ScriptAssemblies/Unity.2D.Sprite.Package.EditorTests.dll not valid. Loading of assembly skipped.
Assembly Unity.2D.SpriteShape.EditorTests.dll at Library/ScriptAssemblies/Unity.2D.SpriteShape.EditorTests.dll not valid. Loading of assembly skipped.
Assembly Unity.2D.Tilemap.Package.EditorTests.dll at Library/ScriptAssemblies/Unity.2D.Tilemap.Package.EditorTests.dll not valid. Loading of assembly skipped.
Assembly Unity.Collections.BurstCompatibilityGen.dll at Library/ScriptAssemblies/Unity.Collections.BurstCompatibilityGen.dll not valid. Loading of assembly skipped.
Assembly Unity.Collections.DocCodeSamples.dll at Library/ScriptAssemblies/Unity.Collections.DocCodeSamples.dll not valid. Loading of assembly skipped.
Assembly Unity.Collections.PerformanceTests.dll at Library/ScriptAssemblies/Unity.Collections.PerformanceTests.dll not valid. Loading of assembly skipped.
Assembly Unity.Collections.Tests.dll at Library/ScriptAssemblies/Unity.Collections.Tests.dll not valid. Loading of assembly skipped.
Assembly Unity.Collections.Tests.Playmode.dll at Library/ScriptAssemblies/Unity.Collections.Tests.Playmode.dll not valid. Loading of assembly skipped.
Assembly Unity.InputSystem.IntegrationTests.dll at Library/ScriptAssemblies/Unity.InputSystem.IntegrationTests.dll not valid. Loading of assembly skipped.
Assembly Unity.Mathematics.Tests.dll at Library/ScriptAssemblies/Unity.Mathematics.Tests.dll not valid. Loading of assembly skipped.
Assembly Unity.Multiplayer.Center.Editor.Tests.dll at Library/ScriptAssemblies/Unity.Multiplayer.Center.Editor.Tests.dll not valid. Loading of assembly skipped.
Assembly Unity.Multiplayer.Center.Tests.dll at Library/ScriptAssemblies/Unity.Multiplayer.Center.Tests.dll not valid. Loading of assembly skipped.
Assembly Unity.Nuget.Mono-Cecil.dll at Library/ScriptAssemblies/Unity.Nuget.Mono-Cecil.dll not valid. Loading of assembly skipped.
Assembly Unity.PathTracing.Editor.Tests.dll at Library/ScriptAssemblies/Unity.PathTracing.Editor.Tests.dll not valid. Loading of assembly skipped.
Assembly Unity.PathTracing.Runtime.Tests.dll at Library/ScriptAssemblies/Unity.PathTracing.Runtime.Tests.dll not valid. Loading of assembly skipped.
Assembly Unity.RenderPipelines.Core.Editor.Tests.dll at Library/ScriptAssemblies/Unity.RenderPipelines.Core.Editor.Tests.dll not valid. Loading of assembly skipped.
Assembly Unity.RenderPipelines.Core.Runtime.Tests.dll at Library/ScriptAssemblies/Unity.RenderPipelines.Core.Runtime.Tests.dll not valid. Loading of assembly skipped.
Assembly Unity.RenderPipelines.Universal.Config.Editor.Tests.dll at Library/ScriptAssemblies/Unity.RenderPipelines.Universal.Config.Editor.Tests.dll not valid. Loading of assembly skipped.
Assembly Unity.RenderPipelines.Universal.Editor.Tests.dll at Library/ScriptAssemblies/Unity.RenderPipelines.Universal.Editor.Tests.dll not valid. Loading of assembly skipped.
Assembly Unity.RenderPipelines.Universal.Runtime.Tests.dll at Library/ScriptAssemblies/Unity.RenderPipelines.Universal.Runtime.Tests.dll not valid. Loading of assembly skipped.
Assembly Unity.Searcher.EditorTests.dll at Library/ScriptAssemblies/Unity.Searcher.EditorTests.dll not valid. Loading of assembly skipped.
Assembly Unity.Services.Authentication.PlayerAccounts.EditorTests.dll at Library/ScriptAssemblies/Unity.Services.Authentication.PlayerAccounts.EditorTests.dll not valid. Loading of assembly skipped.
Assembly Unity.Services.Authentication.PlayerAccounts.Tests.dll at Library/ScriptAssemblies/Unity.Services.Authentication.PlayerAccounts.Tests.dll not valid. Loading of assembly skipped.
Assembly Unity.Services.Authentication.Server.dll at Library/ScriptAssemblies/Unity.Services.Authentication.Server.dll not valid. Loading of assembly skipped.
Assembly Unity.Services.Authentication.Server.Tests.dll at Library/ScriptAssemblies/Unity.Services.Authentication.Server.Tests.dll not valid. Loading of assembly skipped.
Assembly Unity.Services.Multiplayer.Server.dll at Library/ScriptAssemblies/Unity.Services.Multiplayer.Server.dll not valid. Loading of assembly skipped.
Assembly Unity.ShaderGraph.Editor.Tests.dll at Library/ScriptAssemblies/Unity.ShaderGraph.Editor.Tests.dll not valid. Loading of assembly skipped.
Assembly Unity.TextMeshPro.Editor.Tests.dll at Library/ScriptAssemblies/Unity.TextMeshPro.Editor.Tests.dll not valid. Loading of assembly skipped.
Assembly Unity.TextMeshPro.Tests.dll at Library/ScriptAssemblies/Unity.TextMeshPro.Tests.dll not valid. Loading of assembly skipped.
Assembly Unity.UnifiedRayTracing.Editor.Tests.dll at Library/ScriptAssemblies/Unity.UnifiedRayTracing.Editor.Tests.dll not valid. Loading of assembly skipped.
Assembly UnityEditor.UI.Common.Tests.dll at Library/ScriptAssemblies/UnityEditor.UI.Common.Tests.dll not valid. Loading of assembly skipped.
Assembly UnityEditor.UI.EditorTests.dll at Library/ScriptAssemblies/UnityEditor.UI.EditorTests.dll not valid. Loading of assembly skipped.
Assembly UnityEngine.UI.Tests.dll at Library/ScriptAssemblies/UnityEngine.UI.Tests.dll not valid. Loading of assembly skipped.
Symbol file LoadedFromMemory is not a mono symbol file
Refreshing native plugins compatible for Editor in 9.88 ms, found 7 plugins.
Native extension for iOS target not found
Native extension for Android target not found
Native extension for WindowsStandalone target not found
[Package Manager] Failed to launch server process. Reason: Unity was launched with the -noUpm command-line argument
[Package Manager] Unable to send message (not connected to server process).
[Package Manager] Cannot connect to Unity Package Manager local server
[Package Manager] Failed to launch server process. Reason: Unity was launched with the -noUpm command-line argument
[Package Manager] Unable to send message (not connected to server process).
[Package Manager] Cannot connect to Unity Package Manager local server
ScheduleIndexationOnStartup MainProcess:False IndexOnStartup:True
Mono: successfully reloaded assembly
- Finished resetting the current domain, in  3.283 seconds
Domain Reload Profiling: 5873ms
	BeginReloadAssembly (519ms)
		DisableScriptedObjects (88ms)
		CreateAndSetChildDomain (117ms)
	RebuildCommonClasses (73ms)
	RebuildNativeTypeToScriptingClass (29ms)
	initialDomainReloadingComplete (202ms)
	LoadAllAssembliesAndSetupDomain (1765ms)
		LoadAssemblies (1324ms)
		AnalyzeDomain (605ms)
			TypeCache.Refresh (31ms)
				TypeCache.ScanAssembly (3ms)
			BuildScriptInfoCaches (543ms)
			ResolveRequiredComponents (26ms)
	FinalizeReload (3284ms)
		SetupLoadedEditorAssemblies (0ms)
			InitializePlatformSupportModulesInManaged (25ms)
			BeforeProcessingInitializeOnLoad (720ms)
			ProcessInitializeOnLoadAttributes (1586ms)
			ProcessInitializeOnLoadMethodAttributes (410ms)
			AfterProcessingInitializeOnLoad (15ms)
		AwakeInstancesAfterBackupRestoration (60ms)
Refreshing native plugins compatible for Editor in 14.72 ms, found 7 plugins.
Unloading 24 Unused Serialized files (Serialized files now loaded: 0)
Unloading 8891 unused Assets / (6.0 MB). Loaded Objects now: 9743.
Memory consumption went from 208.0 MB to 202.0 MB.
Total: 20.696200 ms (FindLiveObjects: 2.106800 ms CreateObjectMapping: 1.149900 ms MarkObjects: 12.645200 ms  DeleteObjects: 4.792300 ms)

Prepare: number of updated asset objects reloaded= 0
EnvironmentDependencyValues requested are different than current active one (requested -> active):
  graphicsApiMask: 2099200 -> 2361344
========================================================================
Received Prepare
Refreshing native plugins compatible for Editor in 13.58 ms, found 7 plugins.
Unloading 24 Unused Serialized files (Serialized files now loaded: 0)
Unloading 8798 unused Assets / (6.0 MB). Loaded Objects now: 9743.
Memory consumption went from 201.5 MB to 195.5 MB.
Total: 20.161600 ms (FindLiveObjects: 1.680700 ms CreateObjectMapping: 1.000200 ms MarkObjects: 11.986900 ms  DeleteObjects: 5.491700 ms)

Prepare: number of updated asset objects reloaded= 0
EnvironmentDependencyValues requested are different than current active one (requested -> active):
  graphicsApiMask: 2099200 -> 2361344
========================================================================
Received Prepare
[Licensing::Client] Successfully resolved entitlement details
Begin MonoManager ReloadAssembly
[Licensing::Client] Successfully resolved entitlement details
Assembly Assembly-CSharp-Editor-firstpass-testable.dll at Library/ScriptAssemblies/Assembly-CSharp-Editor-firstpass-testable.dll not valid. Loading of assembly skipped.
Assembly Assembly-CSharp-Editor-firstpass.dll at Library/ScriptAssemblies/Assembly-CSharp-Editor-firstpass.dll not valid. Loading of assembly skipped.
Assembly DocCodeExamples.dll at Library/ScriptAssemblies/DocCodeExamples.dll not valid. Loading of assembly skipped.
Assembly TestNewCustomAssembly.dll at Library/ScriptAssemblies/TestNewCustomAssembly.dll not valid. Loading of assembly skipped.
Assembly Unity.2D.Animation.EditorTests.dll at Library/ScriptAssemblies/Unity.2D.Animation.EditorTests.dll not valid. Loading of assembly skipped.
Assembly Unity.2D.Aseprite.EditorTests.dll at Library/ScriptAssemblies/Unity.2D.Aseprite.EditorTests.dll not valid. Loading of assembly skipped.
Assembly Unity.2D.Common.EditorTests.dll at Library/ScriptAssemblies/Unity.2D.Common.EditorTests.dll not valid. Loading of assembly skipped.
Assembly Unity.2D.Psdimporter.EditorTests.dll at Library/ScriptAssemblies/Unity.2D.Psdimporter.EditorTests.dll not valid. Loading of assembly skipped.
Assembly Unity.2D.Sprite.Package.EditorTests.dll at Library/ScriptAssemblies/Unity.2D.Sprite.Package.EditorTests.dll not valid. Loading of assembly skipped.
Assembly Unity.2D.SpriteShape.EditorTests.dll at Library/ScriptAssemblies/Unity.2D.SpriteShape.EditorTests.dll not valid. Loading of assembly skipped.
Assembly Unity.2D.Tilemap.Package.EditorTests.dll at Library/ScriptAssemblies/Unity.2D.Tilemap.Package.EditorTests.dll not valid. Loading of assembly skipped.
Assembly Unity.Collections.BurstCompatibilityGen.dll at Library/ScriptAssemblies/Unity.Collections.BurstCompatibilityGen.dll not valid. Loading of assembly skipped.
Assembly Unity.Collections.DocCodeSamples.dll at Library/ScriptAssemblies/Unity.Collections.DocCodeSamples.dll not valid. Loading of assembly skipped.
Assembly Unity.Collections.PerformanceTests.dll at Library/ScriptAssemblies/Unity.Collections.PerformanceTests.dll not valid. Loading of assembly skipped.
Assembly Unity.Collections.Tests.dll at Library/ScriptAssemblies/Unity.Collections.Tests.dll not valid. Loading of assembly skipped.
Assembly Unity.Collections.Tests.Playmode.dll at Library/ScriptAssemblies/Unity.Collections.Tests.Playmode.dll not valid. Loading of assembly skipped.
Assembly Unity.InputSystem.IntegrationTests.dll at Library/ScriptAssemblies/Unity.InputSystem.IntegrationTests.dll not valid. Loading of assembly skipped.
Assembly Unity.Mathematics.Tests.dll at Library/ScriptAssemblies/Unity.Mathematics.Tests.dll not valid. Loading of assembly skipped.
Assembly Unity.Multiplayer.Center.Editor.Tests.dll at Library/ScriptAssemblies/Unity.Multiplayer.Center.Editor.Tests.dll not valid. Loading of assembly skipped.
Assembly Unity.Multiplayer.Center.Tests.dll at Library/ScriptAssemblies/Unity.Multiplayer.Center.Tests.dll not valid. Loading of assembly skipped.
Assembly Unity.Nuget.Mono-Cecil.dll at Library/ScriptAssemblies/Unity.Nuget.Mono-Cecil.dll not valid. Loading of assembly skipped.
Assembly Unity.PathTracing.Editor.Tests.dll at Library/ScriptAssemblies/Unity.PathTracing.Editor.Tests.dll not valid. Loading of assembly skipped.
Assembly Unity.PathTracing.Runtime.Tests.dll at Library/ScriptAssemblies/Unity.PathTracing.Runtime.Tests.dll not valid. Loading of assembly skipped.
Assembly Unity.RenderPipelines.Core.Editor.Tests.dll at Library/ScriptAssemblies/Unity.RenderPipelines.Core.Editor.Tests.dll not valid. Loading of assembly skipped.
Assembly Unity.RenderPipelines.Core.Runtime.Tests.dll at Library/ScriptAssemblies/Unity.RenderPipelines.Core.Runtime.Tests.dll not valid. Loading of assembly skipped.
Assembly Unity.RenderPipelines.Universal.Config.Editor.Tests.dll at Library/ScriptAssemblies/Unity.RenderPipelines.Universal.Config.Editor.Tests.dll not valid. Loading of assembly skipped.
Assembly Unity.RenderPipelines.Universal.Editor.Tests.dll at Library/ScriptAssemblies/Unity.RenderPipelines.Universal.Editor.Tests.dll not valid. Loading of assembly skipped.
Assembly Unity.RenderPipelines.Universal.Runtime.Tests.dll at Library/ScriptAssemblies/Unity.RenderPipelines.Universal.Runtime.Tests.dll not valid. Loading of assembly skipped.
Assembly Unity.Searcher.EditorTests.dll at Library/ScriptAssemblies/Unity.Searcher.EditorTests.dll not valid. Loading of assembly skipped.
Assembly Unity.Services.Authentication.PlayerAccounts.EditorTests.dll at Library/ScriptAssemblies/Unity.Services.Authentication.PlayerAccounts.EditorTests.dll not valid. Loading of assembly skipped.
Assembly Unity.Services.Authentication.PlayerAccounts.Tests.dll at Library/ScriptAssemblies/Unity.Services.Authentication.PlayerAccounts.Tests.dll not valid. Loading of assembly skipped.
Assembly Unity.Services.Authentication.Server.dll at Library/ScriptAssemblies/Unity.Services.Authentication.Server.dll not valid. Loading of assembly skipped.
Assembly Unity.Services.Authentication.Server.Tests.dll at Library/ScriptAssemblies/Unity.Services.Authentication.Server.Tests.dll not valid. Loading of assembly skipped.
Assembly Unity.Services.Multiplayer.Server.dll at Library/ScriptAssemblies/Unity.Services.Multiplayer.Server.dll not valid. Loading of assembly skipped.
Assembly Unity.ShaderGraph.Editor.Tests.dll at Library/ScriptAssemblies/Unity.ShaderGraph.Editor.Tests.dll not valid. Loading of assembly skipped.
Assembly Unity.TextMeshPro.Editor.Tests.dll at Library/ScriptAssemblies/Unity.TextMeshPro.Editor.Tests.dll not valid. Loading of assembly skipped.
Assembly Unity.TextMeshPro.Tests.dll at Library/ScriptAssemblies/Unity.TextMeshPro.Tests.dll not valid. Loading of assembly skipped.
Assembly Unity.UnifiedRayTracing.Editor.Tests.dll at Library/ScriptAssemblies/Unity.UnifiedRayTracing.Editor.Tests.dll not valid. Loading of assembly skipped.
Assembly UnityEditor.UI.Common.Tests.dll at Library/ScriptAssemblies/UnityEditor.UI.Common.Tests.dll not valid. Loading of assembly skipped.
Assembly UnityEditor.UI.EditorTests.dll at Library/ScriptAssemblies/UnityEditor.UI.EditorTests.dll not valid. Loading of assembly skipped.
Assembly UnityEngine.UI.Tests.dll at Library/ScriptAssemblies/UnityEngine.UI.Tests.dll not valid. Loading of assembly skipped.
Symbol file LoadedFromMemory is not a mono symbol file
Refreshing native plugins compatible for Editor in 10.88 ms, found 7 plugins.
Native extension for iOS target not found
Native extension for Android target not found
Native extension for WindowsStandalone target not found
[Package Manager] Failed to launch server process. Reason: Unity was launched with the -noUpm command-line argument
[Package Manager] Unable to send message (not connected to server process).
[Package Manager] Cannot connect to Unity Package Manager local server
[Package Manager] Failed to launch server process. Reason: Unity was launched with the -noUpm command-line argument
[Package Manager] Unable to send message (not connected to server process).
[Package Manager] Cannot connect to Unity Package Manager local server
ScheduleIndexationOnStartup MainProcess:False IndexOnStartup:True
Mono: successfully reloaded assembly
- Finished resetting the current domain, in  3.127 seconds
Domain Reload Profiling: 5620ms
	BeginReloadAssembly (536ms)
		DisableScriptedObjects (97ms)
		CreateAndSetChildDomain (118ms)
	RebuildCommonClasses (77ms)
	RebuildNativeTypeToScriptingClass (27ms)
	initialDomainReloadingComplete (207ms)
	LoadAllAssembliesAndSetupDomain (1644ms)
		LoadAssemblies (1195ms)
		AnalyzeDomain (637ms)
			TypeCache.Refresh (34ms)
				TypeCache.ScanAssembly (4ms)
			BuildScriptInfoCaches (571ms)
			ResolveRequiredComponents (29ms)
	FinalizeReload (3128ms)
		SetupLoadedEditorAssemblies (0ms)
			InitializePlatformSupportModulesInManaged (26ms)
			BeforeProcessingInitializeOnLoad (574ms)
			ProcessInitializeOnLoadAttributes (1539ms)
			ProcessInitializeOnLoadMethodAttributes (442ms)
			AfterProcessingInitializeOnLoad (13ms)
		AwakeInstancesAfterBackupRestoration (55ms)
Refreshing native plugins compatible for Editor in 14.86 ms, found 7 plugins.
Unloading 24 Unused Serialized files (Serialized files now loaded: 0)
Unloading 8891 unused Assets / (6.4 MB). Loaded Objects now: 9747.
Memory consumption went from 214.2 MB to 207.8 MB.
Total: 21.341600 ms (FindLiveObjects: 1.906500 ms CreateObjectMapping: 1.016000 ms MarkObjects: 11.499400 ms  DeleteObjects: 6.917500 ms)

Prepare: number of updated asset objects reloaded= 0
EnvironmentDependencyValues requested are different than current active one (requested -> active):
  graphicsApiMask: 2099200 -> 2361344
========================================================================
Received Prepare
Refreshing native plugins compatible for Editor in 14.98 ms, found 7 plugins.
Unloading 24 Unused Serialized files (Serialized files now loaded: 0)
Unloading 8798 unused Assets / (5.6 MB). Loaded Objects now: 9747.
Memory consumption went from 207.6 MB to 202.1 MB.
Total: 21.625400 ms (FindLiveObjects: 1.952400 ms CreateObjectMapping: 1.524300 ms MarkObjects: 12.954400 ms  DeleteObjects: 5.192000 ms)

Prepare: number of updated asset objects reloaded= 0
EnvironmentDependencyValues requested are different than current active one (requested -> active):
  graphicsApiMask: 2099200 -> 2361344
========================================================================
Received Prepare
Begin MonoManager ReloadAssembly
Assembly Assembly-CSharp-Editor-firstpass-testable.dll at Library/ScriptAssemblies/Assembly-CSharp-Editor-firstpass-testable.dll not valid. Loading of assembly skipped.
Assembly Assembly-CSharp-Editor-firstpass.dll at Library/ScriptAssemblies/Assembly-CSharp-Editor-firstpass.dll not valid. Loading of assembly skipped.
Assembly DocCodeExamples.dll at Library/ScriptAssemblies/DocCodeExamples.dll not valid. Loading of assembly skipped.
Assembly TestNewCustomAssembly.dll at Library/ScriptAssemblies/TestNewCustomAssembly.dll not valid. Loading of assembly skipped.
Assembly Unity.2D.Animation.EditorTests.dll at Library/ScriptAssemblies/Unity.2D.Animation.EditorTests.dll not valid. Loading of assembly skipped.
Assembly Unity.2D.Aseprite.EditorTests.dll at Library/ScriptAssemblies/Unity.2D.Aseprite.EditorTests.dll not valid. Loading of assembly skipped.
Assembly Unity.2D.Common.EditorTests.dll at Library/ScriptAssemblies/Unity.2D.Common.EditorTests.dll not valid. Loading of assembly skipped.
Assembly Unity.2D.Psdimporter.EditorTests.dll at Library/ScriptAssemblies/Unity.2D.Psdimporter.EditorTests.dll not valid. Loading of assembly skipped.
Assembly Unity.2D.Sprite.Package.EditorTests.dll at Library/ScriptAssemblies/Unity.2D.Sprite.Package.EditorTests.dll not valid. Loading of assembly skipped.
Assembly Unity.2D.SpriteShape.EditorTests.dll at Library/ScriptAssemblies/Unity.2D.SpriteShape.EditorTests.dll not valid. Loading of assembly skipped.
Assembly Unity.2D.Tilemap.Package.EditorTests.dll at Library/ScriptAssemblies/Unity.2D.Tilemap.Package.EditorTests.dll not valid. Loading of assembly skipped.
Assembly Unity.Collections.BurstCompatibilityGen.dll at Library/ScriptAssemblies/Unity.Collections.BurstCompatibilityGen.dll not valid. Loading of assembly skipped.
Assembly Unity.Collections.DocCodeSamples.dll at Library/ScriptAssemblies/Unity.Collections.DocCodeSamples.dll not valid. Loading of assembly skipped.
Assembly Unity.Collections.PerformanceTests.dll at Library/ScriptAssemblies/Unity.Collections.PerformanceTests.dll not valid. Loading of assembly skipped.
Assembly Unity.Collections.Tests.dll at Library/ScriptAssemblies/Unity.Collections.Tests.dll not valid. Loading of assembly skipped.
Assembly Unity.Collections.Tests.Playmode.dll at Library/ScriptAssemblies/Unity.Collections.Tests.Playmode.dll not valid. Loading of assembly skipped.
Assembly Unity.InputSystem.IntegrationTests.dll at Library/ScriptAssemblies/Unity.InputSystem.IntegrationTests.dll not valid. Loading of assembly skipped.
Assembly Unity.Mathematics.Tests.dll at Library/ScriptAssemblies/Unity.Mathematics.Tests.dll not valid. Loading of assembly skipped.
Assembly Unity.Multiplayer.Center.Editor.Tests.dll at Library/ScriptAssemblies/Unity.Multiplayer.Center.Editor.Tests.dll not valid. Loading of assembly skipped.
Assembly Unity.Multiplayer.Center.Tests.dll at Library/ScriptAssemblies/Unity.Multiplayer.Center.Tests.dll not valid. Loading of assembly skipped.
Assembly Unity.Nuget.Mono-Cecil.dll at Library/ScriptAssemblies/Unity.Nuget.Mono-Cecil.dll not valid. Loading of assembly skipped.
Assembly Unity.PathTracing.Editor.Tests.dll at Library/ScriptAssemblies/Unity.PathTracing.Editor.Tests.dll not valid. Loading of assembly skipped.
Assembly Unity.PathTracing.Runtime.Tests.dll at Library/ScriptAssemblies/Unity.PathTracing.Runtime.Tests.dll not valid. Loading of assembly skipped.
Assembly Unity.RenderPipelines.Core.Editor.Tests.dll at Library/ScriptAssemblies/Unity.RenderPipelines.Core.Editor.Tests.dll not valid. Loading of assembly skipped.
Assembly Unity.RenderPipelines.Core.Runtime.Tests.dll at Library/ScriptAssemblies/Unity.RenderPipelines.Core.Runtime.Tests.dll not valid. Loading of assembly skipped.
Assembly Unity.RenderPipelines.Universal.Config.Editor.Tests.dll at Library/ScriptAssemblies/Unity.RenderPipelines.Universal.Config.Editor.Tests.dll not valid. Loading of assembly skipped.
Assembly Unity.RenderPipelines.Universal.Editor.Tests.dll at Library/ScriptAssemblies/Unity.RenderPipelines.Universal.Editor.Tests.dll not valid. Loading of assembly skipped.
Assembly Unity.RenderPipelines.Universal.Runtime.Tests.dll at Library/ScriptAssemblies/Unity.RenderPipelines.Universal.Runtime.Tests.dll not valid. Loading of assembly skipped.
Assembly Unity.Searcher.EditorTests.dll at Library/ScriptAssemblies/Unity.Searcher.EditorTests.dll not valid. Loading of assembly skipped.
Assembly Unity.Services.Authentication.PlayerAccounts.EditorTests.dll at Library/ScriptAssemblies/Unity.Services.Authentication.PlayerAccounts.EditorTests.dll not valid. Loading of assembly skipped.
Assembly Unity.Services.Authentication.PlayerAccounts.Tests.dll at Library/ScriptAssemblies/Unity.Services.Authentication.PlayerAccounts.Tests.dll not valid. Loading of assembly skipped.
Assembly Unity.Services.Authentication.Server.dll at Library/ScriptAssemblies/Unity.Services.Authentication.Server.dll not valid. Loading of assembly skipped.
Assembly Unity.Services.Authentication.Server.Tests.dll at Library/ScriptAssemblies/Unity.Services.Authentication.Server.Tests.dll not valid. Loading of assembly skipped.
Assembly Unity.Services.Multiplayer.Server.dll at Library/ScriptAssemblies/Unity.Services.Multiplayer.Server.dll not valid. Loading of assembly skipped.
Assembly Unity.ShaderGraph.Editor.Tests.dll at Library/ScriptAssemblies/Unity.ShaderGraph.Editor.Tests.dll not valid. Loading of assembly skipped.
Assembly Unity.TextMeshPro.Editor.Tests.dll at Library/ScriptAssemblies/Unity.TextMeshPro.Editor.Tests.dll not valid. Loading of assembly skipped.
Assembly Unity.TextMeshPro.Tests.dll at Library/ScriptAssemblies/Unity.TextMeshPro.Tests.dll not valid. Loading of assembly skipped.
Assembly Unity.UnifiedRayTracing.Editor.Tests.dll at Library/ScriptAssemblies/Unity.UnifiedRayTracing.Editor.Tests.dll not valid. Loading of assembly skipped.
Assembly UnityEditor.UI.Common.Tests.dll at Library/ScriptAssemblies/UnityEditor.UI.Common.Tests.dll not valid. Loading of assembly skipped.
Assembly UnityEditor.UI.EditorTests.dll at Library/ScriptAssemblies/UnityEditor.UI.EditorTests.dll not valid. Loading of assembly skipped.
Assembly UnityEngine.UI.Tests.dll at Library/ScriptAssemblies/UnityEngine.UI.Tests.dll not valid. Loading of assembly skipped.
Symbol file LoadedFromMemory is not a mono symbol file
Refreshing native plugins compatible for Editor in 8.80 ms, found 7 plugins.
Native extension for iOS target not found
Native extension for Android target not found
Native extension for WindowsStandalone target not found
[Package Manager] Failed to launch server process. Reason: Unity was launched with the -noUpm command-line argument
[Package Manager] Unable to send message (not connected to server process).
[Package Manager] Cannot connect to Unity Package Manager local server
[Package Manager] Failed to launch server process. Reason: Unity was launched with the -noUpm command-line argument
[Package Manager] Unable to send message (not connected to server process).
[Package Manager] Cannot connect to Unity Package Manager local server
ScheduleIndexationOnStartup MainProcess:False IndexOnStartup:True
[Licensing::Client] Successfully resolved entitlement details
Mono: successfully reloaded assembly
- Finished resetting the current domain, in  3.086 seconds
Domain Reload Profiling: 5683ms
	BeginReloadAssembly (557ms)
		DisableScriptedObjects (90ms)
		CreateAndSetChildDomain (114ms)
	RebuildCommonClasses (75ms)
	RebuildNativeTypeToScriptingClass (31ms)
	initialDomainReloadingComplete (220ms)
	LoadAllAssembliesAndSetupDomain (1712ms)
		LoadAssemblies (1319ms)
		AnalyzeDomain (612ms)
			TypeCache.Refresh (32ms)
				TypeCache.ScanAssembly (4ms)
			BuildScriptInfoCaches (549ms)
			ResolveRequiredComponents (28ms)
	FinalizeReload (3088ms)
		SetupLoadedEditorAssemblies (0ms)
			InitializePlatformSupportModulesInManaged (30ms)
			BeforeProcessingInitializeOnLoad (629ms)
			ProcessInitializeOnLoadAttributes (1440ms)
			ProcessInitializeOnLoadMethodAttributes (450ms)
			AfterProcessingInitializeOnLoad (18ms)
		AwakeInstancesAfterBackupRestoration (73ms)
Refreshing native plugins compatible for Editor in 13.33 ms, found 7 plugins.
Unloading 24 Unused Serialized files (Serialized files now loaded: 0)
Unloading 8891 unused Assets / (6.0 MB). Loaded Objects now: 9751.
Memory consumption went from 210.0 MB to 204.0 MB.
Total: 20.661800 ms (FindLiveObjects: 1.269100 ms CreateObjectMapping: 0.829900 ms MarkObjects: 13.571000 ms  DeleteObjects: 4.989600 ms)

Prepare: number of updated asset objects reloaded= 0
EnvironmentDependencyValues requested are different than current active one (requested -> active):
  graphicsApiMask: 2099200 -> 2361344
========================================================================
Received Prepare
Refreshing native plugins compatible for Editor in 14.50 ms, found 7 plugins.
Unloading 24 Unused Serialized files (Serialized files now loaded: 0)
Unloading 8798 unused Assets / (5.9 MB). Loaded Objects now: 9751.
Memory consumption went from 203.5 MB to 197.6 MB.
Total: 20.670800 ms (FindLiveObjects: 2.061600 ms CreateObjectMapping: 1.084600 ms MarkObjects: 12.085000 ms  DeleteObjects: 5.436600 ms)

Prepare: number of updated asset objects reloaded= 0
EnvironmentDependencyValues requested are different than current active one (requested -> active):
  graphicsApiMask: 2099200 -> 2361344
========================================================================
Received Prepare
[Licensing::Client] Successfully resolved entitlement details
Begin MonoManager ReloadAssembly
[Licensing::Client] Successfully resolved entitlement details
Assembly Assembly-CSharp-Editor-firstpass-testable.dll at Library/ScriptAssemblies/Assembly-CSharp-Editor-firstpass-testable.dll not valid. Loading of assembly skipped.
Assembly Assembly-CSharp-Editor-firstpass.dll at Library/ScriptAssemblies/Assembly-CSharp-Editor-firstpass.dll not valid. Loading of assembly skipped.
Assembly DocCodeExamples.dll at Library/ScriptAssemblies/DocCodeExamples.dll not valid. Loading of assembly skipped.
Assembly TestNewCustomAssembly.dll at Library/ScriptAssemblies/TestNewCustomAssembly.dll not valid. Loading of assembly skipped.
Assembly Unity.2D.Animation.EditorTests.dll at Library/ScriptAssemblies/Unity.2D.Animation.EditorTests.dll not valid. Loading of assembly skipped.
Assembly Unity.2D.Aseprite.EditorTests.dll at Library/ScriptAssemblies/Unity.2D.Aseprite.EditorTests.dll not valid. Loading of assembly skipped.
Assembly Unity.2D.Common.EditorTests.dll at Library/ScriptAssemblies/Unity.2D.Common.EditorTests.dll not valid. Loading of assembly skipped.
Assembly Unity.2D.Psdimporter.EditorTests.dll at Library/ScriptAssemblies/Unity.2D.Psdimporter.EditorTests.dll not valid. Loading of assembly skipped.
Assembly Unity.2D.Sprite.Package.EditorTests.dll at Library/ScriptAssemblies/Unity.2D.Sprite.Package.EditorTests.dll not valid. Loading of assembly skipped.
Assembly Unity.2D.SpriteShape.EditorTests.dll at Library/ScriptAssemblies/Unity.2D.SpriteShape.EditorTests.dll not valid. Loading of assembly skipped.
Assembly Unity.2D.Tilemap.Package.EditorTests.dll at Library/ScriptAssemblies/Unity.2D.Tilemap.Package.EditorTests.dll not valid. Loading of assembly skipped.
Assembly Unity.Collections.BurstCompatibilityGen.dll at Library/ScriptAssemblies/Unity.Collections.BurstCompatibilityGen.dll not valid. Loading of assembly skipped.
Assembly Unity.Collections.DocCodeSamples.dll at Library/ScriptAssemblies/Unity.Collections.DocCodeSamples.dll not valid. Loading of assembly skipped.
Assembly Unity.Collections.PerformanceTests.dll at Library/ScriptAssemblies/Unity.Collections.PerformanceTests.dll not valid. Loading of assembly skipped.
Assembly Unity.Collections.Tests.dll at Library/ScriptAssemblies/Unity.Collections.Tests.dll not valid. Loading of assembly skipped.
Assembly Unity.Collections.Tests.Playmode.dll at Library/ScriptAssemblies/Unity.Collections.Tests.Playmode.dll not valid. Loading of assembly skipped.
Assembly Unity.InputSystem.IntegrationTests.dll at Library/ScriptAssemblies/Unity.InputSystem.IntegrationTests.dll not valid. Loading of assembly skipped.
Assembly Unity.Mathematics.Tests.dll at Library/ScriptAssemblies/Unity.Mathematics.Tests.dll not valid. Loading of assembly skipped.
Assembly Unity.Multiplayer.Center.Editor.Tests.dll at Library/ScriptAssemblies/Unity.Multiplayer.Center.Editor.Tests.dll not valid. Loading of assembly skipped.
Assembly Unity.Multiplayer.Center.Tests.dll at Library/ScriptAssemblies/Unity.Multiplayer.Center.Tests.dll not valid. Loading of assembly skipped.
Assembly Unity.Nuget.Mono-Cecil.dll at Library/ScriptAssemblies/Unity.Nuget.Mono-Cecil.dll not valid. Loading of assembly skipped.
Assembly Unity.PathTracing.Editor.Tests.dll at Library/ScriptAssemblies/Unity.PathTracing.Editor.Tests.dll not valid. Loading of assembly skipped.
Assembly Unity.PathTracing.Runtime.Tests.dll at Library/ScriptAssemblies/Unity.PathTracing.Runtime.Tests.dll not valid. Loading of assembly skipped.
Assembly Unity.RenderPipelines.Core.Editor.Tests.dll at Library/ScriptAssemblies/Unity.RenderPipelines.Core.Editor.Tests.dll not valid. Loading of assembly skipped.
Assembly Unity.RenderPipelines.Core.Runtime.Tests.dll at Library/ScriptAssemblies/Unity.RenderPipelines.Core.Runtime.Tests.dll not valid. Loading of assembly skipped.
Assembly Unity.RenderPipelines.Universal.Config.Editor.Tests.dll at Library/ScriptAssemblies/Unity.RenderPipelines.Universal.Config.Editor.Tests.dll not valid. Loading of assembly skipped.
Assembly Unity.RenderPipelines.Universal.Editor.Tests.dll at Library/ScriptAssemblies/Unity.RenderPipelines.Universal.Editor.Tests.dll not valid. Loading of assembly skipped.
Assembly Unity.RenderPipelines.Universal.Runtime.Tests.dll at Library/ScriptAssemblies/Unity.RenderPipelines.Universal.Runtime.Tests.dll not valid. Loading of assembly skipped.
Assembly Unity.Searcher.EditorTests.dll at Library/ScriptAssemblies/Unity.Searcher.EditorTests.dll not valid. Loading of assembly skipped.
Assembly Unity.Services.Authentication.PlayerAccounts.EditorTests.dll at Library/ScriptAssemblies/Unity.Services.Authentication.PlayerAccounts.EditorTests.dll not valid. Loading of assembly skipped.
Assembly Unity.Services.Authentication.PlayerAccounts.Tests.dll at Library/ScriptAssemblies/Unity.Services.Authentication.PlayerAccounts.Tests.dll not valid. Loading of assembly skipped.
Assembly Unity.Services.Authentication.Server.dll at Library/ScriptAssemblies/Unity.Services.Authentication.Server.dll not valid. Loading of assembly skipped.
Assembly Unity.Services.Authentication.Server.Tests.dll at Library/ScriptAssemblies/Unity.Services.Authentication.Server.Tests.dll not valid. Loading of assembly skipped.
Assembly Unity.Services.Multiplayer.Server.dll at Library/ScriptAssemblies/Unity.Services.Multiplayer.Server.dll not valid. Loading of assembly skipped.
Assembly Unity.ShaderGraph.Editor.Tests.dll at Library/ScriptAssemblies/Unity.ShaderGraph.Editor.Tests.dll not valid. Loading of assembly skipped.
Assembly Unity.TextMeshPro.Editor.Tests.dll at Library/ScriptAssemblies/Unity.TextMeshPro.Editor.Tests.dll not valid. Loading of assembly skipped.
Assembly Unity.TextMeshPro.Tests.dll at Library/ScriptAssemblies/Unity.TextMeshPro.Tests.dll not valid. Loading of assembly skipped.
Assembly Unity.UnifiedRayTracing.Editor.Tests.dll at Library/ScriptAssemblies/Unity.UnifiedRayTracing.Editor.Tests.dll not valid. Loading of assembly skipped.
Assembly UnityEditor.UI.Common.Tests.dll at Library/ScriptAssemblies/UnityEditor.UI.Common.Tests.dll not valid. Loading of assembly skipped.
Assembly UnityEditor.UI.EditorTests.dll at Library/ScriptAssemblies/UnityEditor.UI.EditorTests.dll not valid. Loading of assembly skipped.
Assembly UnityEngine.UI.Tests.dll at Library/ScriptAssemblies/UnityEngine.UI.Tests.dll not valid. Loading of assembly skipped.
Symbol file LoadedFromMemory is not a mono symbol file
Refreshing native plugins compatible for Editor in 8.98 ms, found 7 plugins.
Native extension for iOS target not found
Native extension for Android target not found
Native extension for WindowsStandalone target not found
[Package Manager] Failed to launch server process. Reason: Unity was launched with the -noUpm command-line argument
[Package Manager] Unable to send message (not connected to server process).
[Package Manager] Cannot connect to Unity Package Manager local server
[Package Manager] Failed to launch server process. Reason: Unity was launched with the -noUpm command-line argument
[Package Manager] Unable to send message (not connected to server process).
[Package Manager] Cannot connect to Unity Package Manager local server
ScheduleIndexationOnStartup MainProcess:False IndexOnStartup:True
Mono: successfully reloaded assembly
- Finished resetting the current domain, in  3.138 seconds
Domain Reload Profiling: 5682ms
	BeginReloadAssembly (517ms)
		DisableScriptedObjects (74ms)
		CreateAndSetChildDomain (114ms)
	RebuildCommonClasses (82ms)
	RebuildNativeTypeToScriptingClass (27ms)
	initialDomainReloadingComplete (254ms)
	LoadAllAssembliesAndSetupDomain (1664ms)
		LoadAssemblies (1245ms)
		AnalyzeDomain (600ms)
			TypeCache.Refresh (30ms)
			BuildScriptInfoCaches (544ms)
			ResolveRequiredComponents (22ms)
	FinalizeReload (3139ms)
		SetupLoadedEditorAssemblies (0ms)
			InitializePlatformSupportModulesInManaged (28ms)
			BeforeProcessingInitializeOnLoad (650ms)
			ProcessInitializeOnLoadAttributes (1457ms)
			ProcessInitializeOnLoadMethodAttributes (472ms)
			AfterProcessingInitializeOnLoad (14ms)
		AwakeInstancesAfterBackupRestoration (58ms)
Refreshing native plugins compatible for Editor in 15.66 ms, found 7 plugins.
Unloading 24 Unused Serialized files (Serialized files now loaded: 0)
Unloading 8891 unused Assets / (6.0 MB). Loaded Objects now: 9755.
Memory consumption went from 211.1 MB to 205.1 MB.
Total: 20.454200 ms (FindLiveObjects: 2.014600 ms CreateObjectMapping: 1.048100 ms MarkObjects: 12.315200 ms  DeleteObjects: 5.074300 ms)

Prepare: number of updated asset objects reloaded= 0
EnvironmentDependencyValues requested are different than current active one (requested -> active):
  graphicsApiMask: 2099200 -> 2361344
========================================================================
Received Prepare
Refreshing native plugins compatible for Editor in 10.28 ms, found 7 plugins.
Unloading 24 Unused Serialized files (Serialized files now loaded: 0)
Unloading 8798 unused Assets / (6.2 MB). Loaded Objects now: 9755.
Memory consumption went from 204.6 MB to 198.4 MB.
Total: 19.025000 ms (FindLiveObjects: 1.509500 ms CreateObjectMapping: 0.860000 ms MarkObjects: 12.254600 ms  DeleteObjects: 4.398900 ms)

Prepare: number of updated asset objects reloaded= 0
EnvironmentDependencyValues requested are different than current active one (requested -> active):
  graphicsApiMask: 2099200 -> 2361344
========================================================================
Received Prepare
Begin MonoManager ReloadAssembly
Assembly Assembly-CSharp-Editor-firstpass-testable.dll at Library/ScriptAssemblies/Assembly-CSharp-Editor-firstpass-testable.dll not valid. Loading of assembly skipped.
Assembly Assembly-CSharp-Editor-firstpass.dll at Library/ScriptAssemblies/Assembly-CSharp-Editor-firstpass.dll not valid. Loading of assembly skipped.
Assembly DocCodeExamples.dll at Library/ScriptAssemblies/DocCodeExamples.dll not valid. Loading of assembly skipped.
Assembly TestNewCustomAssembly.dll at Library/ScriptAssemblies/TestNewCustomAssembly.dll not valid. Loading of assembly skipped.
Assembly Unity.2D.Animation.EditorTests.dll at Library/ScriptAssemblies/Unity.2D.Animation.EditorTests.dll not valid. Loading of assembly skipped.
Assembly Unity.2D.Aseprite.EditorTests.dll at Library/ScriptAssemblies/Unity.2D.Aseprite.EditorTests.dll not valid. Loading of assembly skipped.
Assembly Unity.2D.Common.EditorTests.dll at Library/ScriptAssemblies/Unity.2D.Common.EditorTests.dll not valid. Loading of assembly skipped.
Assembly Unity.2D.Psdimporter.EditorTests.dll at Library/ScriptAssemblies/Unity.2D.Psdimporter.EditorTests.dll not valid. Loading of assembly skipped.
Assembly Unity.2D.Sprite.Package.EditorTests.dll at Library/ScriptAssemblies/Unity.2D.Sprite.Package.EditorTests.dll not valid. Loading of assembly skipped.
Assembly Unity.2D.SpriteShape.EditorTests.dll at Library/ScriptAssemblies/Unity.2D.SpriteShape.EditorTests.dll not valid. Loading of assembly skipped.
Assembly Unity.2D.Tilemap.Package.EditorTests.dll at Library/ScriptAssemblies/Unity.2D.Tilemap.Package.EditorTests.dll not valid. Loading of assembly skipped.
Assembly Unity.Collections.BurstCompatibilityGen.dll at Library/ScriptAssemblies/Unity.Collections.BurstCompatibilityGen.dll not valid. Loading of assembly skipped.
Assembly Unity.Collections.DocCodeSamples.dll at Library/ScriptAssemblies/Unity.Collections.DocCodeSamples.dll not valid. Loading of assembly skipped.
Assembly Unity.Collections.PerformanceTests.dll at Library/ScriptAssemblies/Unity.Collections.PerformanceTests.dll not valid. Loading of assembly skipped.
Assembly Unity.Collections.Tests.dll at Library/ScriptAssemblies/Unity.Collections.Tests.dll not valid. Loading of assembly skipped.
Assembly Unity.Collections.Tests.Playmode.dll at Library/ScriptAssemblies/Unity.Collections.Tests.Playmode.dll not valid. Loading of assembly skipped.
Assembly Unity.InputSystem.IntegrationTests.dll at Library/ScriptAssemblies/Unity.InputSystem.IntegrationTests.dll not valid. Loading of assembly skipped.
Assembly Unity.Mathematics.Tests.dll at Library/ScriptAssemblies/Unity.Mathematics.Tests.dll not valid. Loading of assembly skipped.
Assembly Unity.Multiplayer.Center.Editor.Tests.dll at Library/ScriptAssemblies/Unity.Multiplayer.Center.Editor.Tests.dll not valid. Loading of assembly skipped.
Assembly Unity.Multiplayer.Center.Tests.dll at Library/ScriptAssemblies/Unity.Multiplayer.Center.Tests.dll not valid. Loading of assembly skipped.
Assembly Unity.Nuget.Mono-Cecil.dll at Library/ScriptAssemblies/Unity.Nuget.Mono-Cecil.dll not valid. Loading of assembly skipped.
Assembly Unity.PathTracing.Editor.Tests.dll at Library/ScriptAssemblies/Unity.PathTracing.Editor.Tests.dll not valid. Loading of assembly skipped.
Assembly Unity.PathTracing.Runtime.Tests.dll at Library/ScriptAssemblies/Unity.PathTracing.Runtime.Tests.dll not valid. Loading of assembly skipped.
Assembly Unity.RenderPipelines.Core.Editor.Tests.dll at Library/ScriptAssemblies/Unity.RenderPipelines.Core.Editor.Tests.dll not valid. Loading of assembly skipped.
Assembly Unity.RenderPipelines.Core.Runtime.Tests.dll at Library/ScriptAssemblies/Unity.RenderPipelines.Core.Runtime.Tests.dll not valid. Loading of assembly skipped.
Assembly Unity.RenderPipelines.Universal.Config.Editor.Tests.dll at Library/ScriptAssemblies/Unity.RenderPipelines.Universal.Config.Editor.Tests.dll not valid. Loading of assembly skipped.
Assembly Unity.RenderPipelines.Universal.Editor.Tests.dll at Library/ScriptAssemblies/Unity.RenderPipelines.Universal.Editor.Tests.dll not valid. Loading of assembly skipped.
Assembly Unity.RenderPipelines.Universal.Runtime.Tests.dll at Library/ScriptAssemblies/Unity.RenderPipelines.Universal.Runtime.Tests.dll not valid. Loading of assembly skipped.
Assembly Unity.Searcher.EditorTests.dll at Library/ScriptAssemblies/Unity.Searcher.EditorTests.dll not valid. Loading of assembly skipped.
Assembly Unity.Services.Authentication.PlayerAccounts.EditorTests.dll at Library/ScriptAssemblies/Unity.Services.Authentication.PlayerAccounts.EditorTests.dll not valid. Loading of assembly skipped.
Assembly Unity.Services.Authentication.PlayerAccounts.Tests.dll at Library/ScriptAssemblies/Unity.Services.Authentication.PlayerAccounts.Tests.dll not valid. Loading of assembly skipped.
Assembly Unity.Services.Authentication.Server.dll at Library/ScriptAssemblies/Unity.Services.Authentication.Server.dll not valid. Loading of assembly skipped.
Assembly Unity.Services.Authentication.Server.Tests.dll at Library/ScriptAssemblies/Unity.Services.Authentication.Server.Tests.dll not valid. Loading of assembly skipped.
Assembly Unity.Services.Multiplayer.Server.dll at Library/ScriptAssemblies/Unity.Services.Multiplayer.Server.dll not valid. Loading of assembly skipped.
Assembly Unity.ShaderGraph.Editor.Tests.dll at Library/ScriptAssemblies/Unity.ShaderGraph.Editor.Tests.dll not valid. Loading of assembly skipped.
Assembly Unity.TextMeshPro.Editor.Tests.dll at Library/ScriptAssemblies/Unity.TextMeshPro.Editor.Tests.dll not valid. Loading of assembly skipped.
Assembly Unity.TextMeshPro.Tests.dll at Library/ScriptAssemblies/Unity.TextMeshPro.Tests.dll not valid. Loading of assembly skipped.
Assembly Unity.UnifiedRayTracing.Editor.Tests.dll at Library/ScriptAssemblies/Unity.UnifiedRayTracing.Editor.Tests.dll not valid. Loading of assembly skipped.
Assembly UnityEditor.UI.Common.Tests.dll at Library/ScriptAssemblies/UnityEditor.UI.Common.Tests.dll not valid. Loading of assembly skipped.
Assembly UnityEditor.UI.EditorTests.dll at Library/ScriptAssemblies/UnityEditor.UI.EditorTests.dll not valid. Loading of assembly skipped.
Assembly UnityEngine.UI.Tests.dll at Library/ScriptAssemblies/UnityEngine.UI.Tests.dll not valid. Loading of assembly skipped.
Symbol file LoadedFromMemory is not a mono symbol file
Refreshing native plugins compatible for Editor in 12.75 ms, found 7 plugins.
Native extension for iOS target not found
Native extension for Android target not found
Native extension for WindowsStandalone target not found
[Package Manager] Failed to launch server process. Reason: Unity was launched with the -noUpm command-line argument
[Package Manager] Unable to send message (not connected to server process).
[Package Manager] Cannot connect to Unity Package Manager local server
[Package Manager] Failed to launch server process. Reason: Unity was launched with the -noUpm command-line argument
[Package Manager] Unable to send message (not connected to server process).
[Package Manager] Cannot connect to Unity Package Manager local server
ScheduleIndexationOnStartup MainProcess:False IndexOnStartup:True
Mono: successfully reloaded assembly
- Finished resetting the current domain, in  3.188 seconds
Domain Reload Profiling: 5772ms
	BeginReloadAssembly (511ms)
		DisableScriptedObjects (57ms)
		CreateAndSetChildDomain (134ms)
	RebuildCommonClasses (75ms)
	RebuildNativeTypeToScriptingClass (28ms)
	initialDomainReloadingComplete (194ms)
	LoadAllAssembliesAndSetupDomain (1776ms)
		LoadAssemblies (1319ms)
		AnalyzeDomain (624ms)
			TypeCache.Refresh (35ms)
				TypeCache.ScanAssembly (4ms)
			BuildScriptInfoCaches (559ms)
			ResolveRequiredComponents (27ms)
	FinalizeReload (3189ms)
		SetupLoadedEditorAssemblies (0ms)
			InitializePlatformSupportModulesInManaged (24ms)
			BeforeProcessingInitializeOnLoad (584ms)
			ProcessInitializeOnLoadAttributes (1565ms)
			ProcessInitializeOnLoadMethodAttributes (451ms)
			AfterProcessingInitializeOnLoad (15ms)
		AwakeInstancesAfterBackupRestoration (75ms)
Refreshing native plugins compatible for Editor in 20.30 ms, found 7 plugins.
Unloading 24 Unused Serialized files (Serialized files now loaded: 0)
Unloading 8891 unused Assets / (6.7 MB). Loaded Objects now: 9759.
Memory consumption went from 212.1 MB to 205.4 MB.
Total: 20.963100 ms (FindLiveObjects: 1.472100 ms CreateObjectMapping: 1.460200 ms MarkObjects: 11.993300 ms  DeleteObjects: 6.028200 ms)

Prepare: number of updated asset objects reloaded= 0
EnvironmentDependencyValues requested are different than current active one (requested -> active):
  graphicsApiMask: 2099200 -> 2361344
========================================================================
Received Prepare
[Licensing::Client] Successfully resolved entitlement details
Begin MonoManager ReloadAssembly
[Licensing::Client] Successfully resolved entitlement details
Assembly Assembly-CSharp-Editor-firstpass-testable.dll at Library/ScriptAssemblies/Assembly-CSharp-Editor-firstpass-testable.dll not valid. Loading of assembly skipped.
Assembly Assembly-CSharp-Editor-firstpass.dll at Library/ScriptAssemblies/Assembly-CSharp-Editor-firstpass.dll not valid. Loading of assembly skipped.
Assembly DocCodeExamples.dll at Library/ScriptAssemblies/DocCodeExamples.dll not valid. Loading of assembly skipped.
Assembly TestNewCustomAssembly.dll at Library/ScriptAssemblies/TestNewCustomAssembly.dll not valid. Loading of assembly skipped.
Assembly Unity.2D.Animation.EditorTests.dll at Library/ScriptAssemblies/Unity.2D.Animation.EditorTests.dll not valid. Loading of assembly skipped.
Assembly Unity.2D.Aseprite.EditorTests.dll at Library/ScriptAssemblies/Unity.2D.Aseprite.EditorTests.dll not valid. Loading of assembly skipped.
Assembly Unity.2D.Common.EditorTests.dll at Library/ScriptAssemblies/Unity.2D.Common.EditorTests.dll not valid. Loading of assembly skipped.
Assembly Unity.2D.Psdimporter.EditorTests.dll at Library/ScriptAssemblies/Unity.2D.Psdimporter.EditorTests.dll not valid. Loading of assembly skipped.
Assembly Unity.2D.Sprite.Package.EditorTests.dll at Library/ScriptAssemblies/Unity.2D.Sprite.Package.EditorTests.dll not valid. Loading of assembly skipped.
Assembly Unity.2D.SpriteShape.EditorTests.dll at Library/ScriptAssemblies/Unity.2D.SpriteShape.EditorTests.dll not valid. Loading of assembly skipped.
Assembly Unity.2D.Tilemap.Package.EditorTests.dll at Library/ScriptAssemblies/Unity.2D.Tilemap.Package.EditorTests.dll not valid. Loading of assembly skipped.
Assembly Unity.Collections.BurstCompatibilityGen.dll at Library/ScriptAssemblies/Unity.Collections.BurstCompatibilityGen.dll not valid. Loading of assembly skipped.
Assembly Unity.Collections.DocCodeSamples.dll at Library/ScriptAssemblies/Unity.Collections.DocCodeSamples.dll not valid. Loading of assembly skipped.
Assembly Unity.Collections.PerformanceTests.dll at Library/ScriptAssemblies/Unity.Collections.PerformanceTests.dll not valid. Loading of assembly skipped.
Assembly Unity.Collections.Tests.dll at Library/ScriptAssemblies/Unity.Collections.Tests.dll not valid. Loading of assembly skipped.
Assembly Unity.Collections.Tests.Playmode.dll at Library/ScriptAssemblies/Unity.Collections.Tests.Playmode.dll not valid. Loading of assembly skipped.
Assembly Unity.InputSystem.IntegrationTests.dll at Library/ScriptAssemblies/Unity.InputSystem.IntegrationTests.dll not valid. Loading of assembly skipped.
Assembly Unity.Mathematics.Tests.dll at Library/ScriptAssemblies/Unity.Mathematics.Tests.dll not valid. Loading of assembly skipped.
Assembly Unity.Multiplayer.Center.Editor.Tests.dll at Library/ScriptAssemblies/Unity.Multiplayer.Center.Editor.Tests.dll not valid. Loading of assembly skipped.
Assembly Unity.Multiplayer.Center.Tests.dll at Library/ScriptAssemblies/Unity.Multiplayer.Center.Tests.dll not valid. Loading of assembly skipped.
Assembly Unity.Nuget.Mono-Cecil.dll at Library/ScriptAssemblies/Unity.Nuget.Mono-Cecil.dll not valid. Loading of assembly skipped.
Assembly Unity.PathTracing.Editor.Tests.dll at Library/ScriptAssemblies/Unity.PathTracing.Editor.Tests.dll not valid. Loading of assembly skipped.
Assembly Unity.PathTracing.Runtime.Tests.dll at Library/ScriptAssemblies/Unity.PathTracing.Runtime.Tests.dll not valid. Loading of assembly skipped.
Assembly Unity.RenderPipelines.Core.Editor.Tests.dll at Library/ScriptAssemblies/Unity.RenderPipelines.Core.Editor.Tests.dll not valid. Loading of assembly skipped.
Assembly Unity.RenderPipelines.Core.Runtime.Tests.dll at Library/ScriptAssemblies/Unity.RenderPipelines.Core.Runtime.Tests.dll not valid. Loading of assembly skipped.
Assembly Unity.RenderPipelines.Universal.Config.Editor.Tests.dll at Library/ScriptAssemblies/Unity.RenderPipelines.Universal.Config.Editor.Tests.dll not valid. Loading of assembly skipped.
Assembly Unity.RenderPipelines.Universal.Editor.Tests.dll at Library/ScriptAssemblies/Unity.RenderPipelines.Universal.Editor.Tests.dll not valid. Loading of assembly skipped.
Assembly Unity.RenderPipelines.Universal.Runtime.Tests.dll at Library/ScriptAssemblies/Unity.RenderPipelines.Universal.Runtime.Tests.dll not valid. Loading of assembly skipped.
Assembly Unity.Searcher.EditorTests.dll at Library/ScriptAssemblies/Unity.Searcher.EditorTests.dll not valid. Loading of assembly skipped.
Assembly Unity.Services.Authentication.PlayerAccounts.EditorTests.dll at Library/ScriptAssemblies/Unity.Services.Authentication.PlayerAccounts.EditorTests.dll not valid. Loading of assembly skipped.
Assembly Unity.Services.Authentication.PlayerAccounts.Tests.dll at Library/ScriptAssemblies/Unity.Services.Authentication.PlayerAccounts.Tests.dll not valid. Loading of assembly skipped.
Assembly Unity.Services.Authentication.Server.dll at Library/ScriptAssemblies/Unity.Services.Authentication.Server.dll not valid. Loading of assembly skipped.
Assembly Unity.Services.Authentication.Server.Tests.dll at Library/ScriptAssemblies/Unity.Services.Authentication.Server.Tests.dll not valid. Loading of assembly skipped.
Assembly Unity.Services.Multiplayer.Server.dll at Library/ScriptAssemblies/Unity.Services.Multiplayer.Server.dll not valid. Loading of assembly skipped.
Assembly Unity.ShaderGraph.Editor.Tests.dll at Library/ScriptAssemblies/Unity.ShaderGraph.Editor.Tests.dll not valid. Loading of assembly skipped.
Assembly Unity.TextMeshPro.Editor.Tests.dll at Library/ScriptAssemblies/Unity.TextMeshPro.Editor.Tests.dll not valid. Loading of assembly skipped.
Assembly Unity.TextMeshPro.Tests.dll at Library/ScriptAssemblies/Unity.TextMeshPro.Tests.dll not valid. Loading of assembly skipped.
Assembly Unity.UnifiedRayTracing.Editor.Tests.dll at Library/ScriptAssemblies/Unity.UnifiedRayTracing.Editor.Tests.dll not valid. Loading of assembly skipped.
Assembly UnityEditor.UI.Common.Tests.dll at Library/ScriptAssemblies/UnityEditor.UI.Common.Tests.dll not valid. Loading of assembly skipped.
Assembly UnityEditor.UI.EditorTests.dll at Library/ScriptAssemblies/UnityEditor.UI.EditorTests.dll not valid. Loading of assembly skipped.
Assembly UnityEngine.UI.Tests.dll at Library/ScriptAssemblies/UnityEngine.UI.Tests.dll not valid. Loading of assembly skipped.
Symbol file LoadedFromMemory is not a mono symbol file
Refreshing native plugins compatible for Editor in 3.91 ms, found 7 plugins.
Native extension for iOS target not found
Native extension for Android target not found
Native extension for WindowsStandalone target not found
[Package Manager] Failed to launch server process. Reason: Unity was launched with the -noUpm command-line argument
[Package Manager] Unable to send message (not connected to server process).
[Package Manager] Cannot connect to Unity Package Manager local server
[Package Manager] Failed to launch server process. Reason: Unity was launched with the -noUpm command-line argument
[Package Manager] Unable to send message (not connected to server process).
[Package Manager] Cannot connect to Unity Package Manager local server
ScheduleIndexationOnStartup MainProcess:False IndexOnStartup:True
Mono: successfully reloaded assembly
- Finished resetting the current domain, in  1.089 seconds
Domain Reload Profiling: 2099ms
	BeginReloadAssembly (214ms)
		DisableScriptedObjects (24ms)
		CreateAndSetChildDomain (59ms)
	RebuildCommonClasses (36ms)
	RebuildNativeTypeToScriptingClass (12ms)
	initialDomainReloadingComplete (85ms)
	LoadAllAssembliesAndSetupDomain (662ms)
		LoadAssemblies (464ms)
		AnalyzeDomain (268ms)
			TypeCache.Refresh (17ms)
			BuildScriptInfoCaches (239ms)
			ResolveRequiredComponents (10ms)
	FinalizeReload (1090ms)
		SetupLoadedEditorAssemblies (0ms)
			InitializePlatformSupportModulesInManaged (14ms)
			BeforeProcessingInitializeOnLoad (214ms)
			ProcessInitializeOnLoadAttributes (514ms)
			ProcessInitializeOnLoadMethodAttributes (144ms)
			AfterProcessingInitializeOnLoad (4ms)
		AwakeInstancesAfterBackupRestoration (21ms)
Refreshing native plugins compatible for Editor in 3.45 ms, found 7 plugins.
Unloading 24 Unused Serialized files (Serialized files now loaded: 0)
Unloading 8891 unused Assets / (5.9 MB). Loaded Objects now: 9763.
Memory consumption went from 212.6 MB to 206.7 MB.
Total: 8.851100 ms (FindLiveObjects: 0.663600 ms CreateObjectMapping: 0.388800 ms MarkObjects: 5.536400 ms  DeleteObjects: 2.261100 ms)

Prepare: number of updated asset objects reloaded= 0
EnvironmentDependencyValues requested are different than current active one (requested -> active):
  graphicsApiMask: 2099200 -> 2361344
========================================================================
Received Prepare
Refreshing native plugins compatible for Editor in 3.86 ms, found 7 plugins.
Unloading 24 Unused Serialized files (Serialized files now loaded: 0)
Unloading 8798 unused Assets / (5.8 MB). Loaded Objects now: 9763.
Memory consumption went from 206.1 MB to 200.3 MB.
Total: 10.210600 ms (FindLiveObjects: 0.618400 ms CreateObjectMapping: 0.433400 ms MarkObjects: 7.049300 ms  DeleteObjects: 2.108400 ms)

Prepare: number of updated asset objects reloaded= 0
EnvironmentDependencyValues requested are different than current active one (requested -> active):
  graphicsApiMask: 2099200 -> 2361344
========================================================================
Received Prepare
[Licensing::Client] Successfully resolved entitlement details
Begin MonoManager ReloadAssembly
[Licensing::Client] Successfully resolved entitlement details
Assembly Assembly-CSharp-Editor-firstpass-testable.dll at Library/ScriptAssemblies/Assembly-CSharp-Editor-firstpass-testable.dll not valid. Loading of assembly skipped.
Assembly Assembly-CSharp-Editor-firstpass.dll at Library/ScriptAssemblies/Assembly-CSharp-Editor-firstpass.dll not valid. Loading of assembly skipped.
Assembly DocCodeExamples.dll at Library/ScriptAssemblies/DocCodeExamples.dll not valid. Loading of assembly skipped.
Assembly TestNewCustomAssembly.dll at Library/ScriptAssemblies/TestNewCustomAssembly.dll not valid. Loading of assembly skipped.
Assembly Unity.2D.Animation.EditorTests.dll at Library/ScriptAssemblies/Unity.2D.Animation.EditorTests.dll not valid. Loading of assembly skipped.
Assembly Unity.2D.Aseprite.EditorTests.dll at Library/ScriptAssemblies/Unity.2D.Aseprite.EditorTests.dll not valid. Loading of assembly skipped.
Assembly Unity.2D.Common.EditorTests.dll at Library/ScriptAssemblies/Unity.2D.Common.EditorTests.dll not valid. Loading of assembly skipped.
Assembly Unity.2D.Psdimporter.EditorTests.dll at Library/ScriptAssemblies/Unity.2D.Psdimporter.EditorTests.dll not valid. Loading of assembly skipped.
Assembly Unity.2D.Sprite.Package.EditorTests.dll at Library/ScriptAssemblies/Unity.2D.Sprite.Package.EditorTests.dll not valid. Loading of assembly skipped.
Assembly Unity.2D.SpriteShape.EditorTests.dll at Library/ScriptAssemblies/Unity.2D.SpriteShape.EditorTests.dll not valid. Loading of assembly skipped.
Assembly Unity.2D.Tilemap.Package.EditorTests.dll at Library/ScriptAssemblies/Unity.2D.Tilemap.Package.EditorTests.dll not valid. Loading of assembly skipped.
Assembly Unity.Collections.BurstCompatibilityGen.dll at Library/ScriptAssemblies/Unity.Collections.BurstCompatibilityGen.dll not valid. Loading of assembly skipped.
Assembly Unity.Collections.DocCodeSamples.dll at Library/ScriptAssemblies/Unity.Collections.DocCodeSamples.dll not valid. Loading of assembly skipped.
Assembly Unity.Collections.PerformanceTests.dll at Library/ScriptAssemblies/Unity.Collections.PerformanceTests.dll not valid. Loading of assembly skipped.
Assembly Unity.Collections.Tests.dll at Library/ScriptAssemblies/Unity.Collections.Tests.dll not valid. Loading of assembly skipped.
Assembly Unity.Collections.Tests.Playmode.dll at Library/ScriptAssemblies/Unity.Collections.Tests.Playmode.dll not valid. Loading of assembly skipped.
Assembly Unity.InputSystem.IntegrationTests.dll at Library/ScriptAssemblies/Unity.InputSystem.IntegrationTests.dll not valid. Loading of assembly skipped.
Assembly Unity.Mathematics.Tests.dll at Library/ScriptAssemblies/Unity.Mathematics.Tests.dll not valid. Loading of assembly skipped.
Assembly Unity.Multiplayer.Center.Editor.Tests.dll at Library/ScriptAssemblies/Unity.Multiplayer.Center.Editor.Tests.dll not valid. Loading of assembly skipped.
Assembly Unity.Multiplayer.Center.Tests.dll at Library/ScriptAssemblies/Unity.Multiplayer.Center.Tests.dll not valid. Loading of assembly skipped.
Assembly Unity.Nuget.Mono-Cecil.dll at Library/ScriptAssemblies/Unity.Nuget.Mono-Cecil.dll not valid. Loading of assembly skipped.
Assembly Unity.PathTracing.Editor.Tests.dll at Library/ScriptAssemblies/Unity.PathTracing.Editor.Tests.dll not valid. Loading of assembly skipped.
Assembly Unity.PathTracing.Runtime.Tests.dll at Library/ScriptAssemblies/Unity.PathTracing.Runtime.Tests.dll not valid. Loading of assembly skipped.
Assembly Unity.RenderPipelines.Core.Editor.Tests.dll at Library/ScriptAssemblies/Unity.RenderPipelines.Core.Editor.Tests.dll not valid. Loading of assembly skipped.
Assembly Unity.RenderPipelines.Core.Runtime.Tests.dll at Library/ScriptAssemblies/Unity.RenderPipelines.Core.Runtime.Tests.dll not valid. Loading of assembly skipped.
Assembly Unity.RenderPipelines.Universal.Config.Editor.Tests.dll at Library/ScriptAssemblies/Unity.RenderPipelines.Universal.Config.Editor.Tests.dll not valid. Loading of assembly skipped.
Assembly Unity.RenderPipelines.Universal.Editor.Tests.dll at Library/ScriptAssemblies/Unity.RenderPipelines.Universal.Editor.Tests.dll not valid. Loading of assembly skipped.
Assembly Unity.RenderPipelines.Universal.Runtime.Tests.dll at Library/ScriptAssemblies/Unity.RenderPipelines.Universal.Runtime.Tests.dll not valid. Loading of assembly skipped.
Assembly Unity.Searcher.EditorTests.dll at Library/ScriptAssemblies/Unity.Searcher.EditorTests.dll not valid. Loading of assembly skipped.
Assembly Unity.Services.Authentication.PlayerAccounts.EditorTests.dll at Library/ScriptAssemblies/Unity.Services.Authentication.PlayerAccounts.EditorTests.dll not valid. Loading of assembly skipped.
Assembly Unity.Services.Authentication.PlayerAccounts.Tests.dll at Library/ScriptAssemblies/Unity.Services.Authentication.PlayerAccounts.Tests.dll not valid. Loading of assembly skipped.
Assembly Unity.Services.Authentication.Server.dll at Library/ScriptAssemblies/Unity.Services.Authentication.Server.dll not valid. Loading of assembly skipped.
Assembly Unity.Services.Authentication.Server.Tests.dll at Library/ScriptAssemblies/Unity.Services.Authentication.Server.Tests.dll not valid. Loading of assembly skipped.
Assembly Unity.Services.Multiplayer.Server.dll at Library/ScriptAssemblies/Unity.Services.Multiplayer.Server.dll not valid. Loading of assembly skipped.
Assembly Unity.ShaderGraph.Editor.Tests.dll at Library/ScriptAssemblies/Unity.ShaderGraph.Editor.Tests.dll not valid. Loading of assembly skipped.
Assembly Unity.TextMeshPro.Editor.Tests.dll at Library/ScriptAssemblies/Unity.TextMeshPro.Editor.Tests.dll not valid. Loading of assembly skipped.
Assembly Unity.TextMeshPro.Tests.dll at Library/ScriptAssemblies/Unity.TextMeshPro.Tests.dll not valid. Loading of assembly skipped.
Assembly Unity.UnifiedRayTracing.Editor.Tests.dll at Library/ScriptAssemblies/Unity.UnifiedRayTracing.Editor.Tests.dll not valid. Loading of assembly skipped.
Assembly UnityEditor.UI.Common.Tests.dll at Library/ScriptAssemblies/UnityEditor.UI.Common.Tests.dll not valid. Loading of assembly skipped.
Assembly UnityEditor.UI.EditorTests.dll at Library/ScriptAssemblies/UnityEditor.UI.EditorTests.dll not valid. Loading of assembly skipped.
Assembly UnityEngine.UI.Tests.dll at Library/ScriptAssemblies/UnityEngine.UI.Tests.dll not valid. Loading of assembly skipped.
Symbol file LoadedFromMemory is not a mono symbol file
Refreshing native plugins compatible for Editor in 9.06 ms, found 7 plugins.
Native extension for iOS target not found
Native extension for Android target not found
Native extension for WindowsStandalone target not found
[Package Manager] Failed to launch server process. Reason: Unity was launched with the -noUpm command-line argument
[Package Manager] Unable to send message (not connected to server process).
[Package Manager] Cannot connect to Unity Package Manager local server
[Package Manager] Failed to launch server process. Reason: Unity was launched with the -noUpm command-line argument
[Package Manager] Unable to send message (not connected to server process).
[Package Manager] Cannot connect to Unity Package Manager local server
ScheduleIndexationOnStartup MainProcess:False IndexOnStartup:True
Mono: successfully reloaded assembly
- Finished resetting the current domain, in  3.129 seconds
Domain Reload Profiling: 5698ms
	BeginReloadAssembly (544ms)
		DisableScriptedObjects (79ms)
		CreateAndSetChildDomain (112ms)
	RebuildCommonClasses (82ms)
	RebuildNativeTypeToScriptingClass (33ms)
	initialDomainReloadingComplete (207ms)
	LoadAllAssembliesAndSetupDomain (1703ms)
		LoadAssemblies (1316ms)
		AnalyzeDomain (604ms)
			TypeCache.Refresh (30ms)
				TypeCache.ScanAssembly (5ms)
			BuildScriptInfoCaches (546ms)
			ResolveRequiredComponents (24ms)
	FinalizeReload (3130ms)
		SetupLoadedEditorAssemblies (0ms)
			InitializePlatformSupportModulesInManaged (31ms)
			BeforeProcessingInitializeOnLoad (603ms)
			ProcessInitializeOnLoadAttributes (1526ms)
			ProcessInitializeOnLoadMethodAttributes (420ms)
			AfterProcessingInitializeOnLoad (14ms)
		AwakeInstancesAfterBackupRestoration (58ms)
Refreshing native plugins compatible for Editor in 13.82 ms, found 7 plugins.
Unloading 24 Unused Serialized files (Serialized files now loaded: 0)
Unloading 8891 unused Assets / (6.3 MB). Loaded Objects now: 9767.
Memory consumption went from 213.7 MB to 207.4 MB.
Total: 17.186800 ms (FindLiveObjects: 1.667000 ms CreateObjectMapping: 1.333200 ms MarkObjects: 9.331400 ms  DeleteObjects: 4.852700 ms)

Prepare: number of updated asset objects reloaded= 0
EnvironmentDependencyValues requested are different than current active one (requested -> active):
  graphicsApiMask: 2099200 -> 2361344
========================================================================
Received Prepare
Refreshing native plugins compatible for Editor in 10.50 ms, found 7 plugins.
Unloading 24 Unused Serialized files (Serialized files now loaded: 0)
Unloading 8798 unused Assets / (5.9 MB). Loaded Objects now: 9767.
Memory consumption went from 207.2 MB to 201.3 MB.
Total: 18.243500 ms (FindLiveObjects: 1.590000 ms CreateObjectMapping: 0.755400 ms MarkObjects: 11.946200 ms  DeleteObjects: 3.950200 ms)

Prepare: number of updated asset objects reloaded= 0
EnvironmentDependencyValues requested are different than current active one (requested -> active):
  graphicsApiMask: 2099200 -> 2361344
========================================================================
Received Prepare
Begin MonoManager ReloadAssembly
Assembly Assembly-CSharp-Editor-firstpass-testable.dll at Library/ScriptAssemblies/Assembly-CSharp-Editor-firstpass-testable.dll not valid. Loading of assembly skipped.
Assembly Assembly-CSharp-Editor-firstpass.dll at Library/ScriptAssemblies/Assembly-CSharp-Editor-firstpass.dll not valid. Loading of assembly skipped.
Assembly DocCodeExamples.dll at Library/ScriptAssemblies/DocCodeExamples.dll not valid. Loading of assembly skipped.
Assembly TestNewCustomAssembly.dll at Library/ScriptAssemblies/TestNewCustomAssembly.dll not valid. Loading of assembly skipped.
Assembly Unity.2D.Animation.EditorTests.dll at Library/ScriptAssemblies/Unity.2D.Animation.EditorTests.dll not valid. Loading of assembly skipped.
Assembly Unity.2D.Aseprite.EditorTests.dll at Library/ScriptAssemblies/Unity.2D.Aseprite.EditorTests.dll not valid. Loading of assembly skipped.
Assembly Unity.2D.Common.EditorTests.dll at Library/ScriptAssemblies/Unity.2D.Common.EditorTests.dll not valid. Loading of assembly skipped.
Assembly Unity.2D.Psdimporter.EditorTests.dll at Library/ScriptAssemblies/Unity.2D.Psdimporter.EditorTests.dll not valid. Loading of assembly skipped.
Assembly Unity.2D.Sprite.Package.EditorTests.dll at Library/ScriptAssemblies/Unity.2D.Sprite.Package.EditorTests.dll not valid. Loading of assembly skipped.
Assembly Unity.2D.SpriteShape.EditorTests.dll at Library/ScriptAssemblies/Unity.2D.SpriteShape.EditorTests.dll not valid. Loading of assembly skipped.
Assembly Unity.2D.Tilemap.Package.EditorTests.dll at Library/ScriptAssemblies/Unity.2D.Tilemap.Package.EditorTests.dll not valid. Loading of assembly skipped.
Assembly Unity.Collections.BurstCompatibilityGen.dll at Library/ScriptAssemblies/Unity.Collections.BurstCompatibilityGen.dll not valid. Loading of assembly skipped.
Assembly Unity.Collections.DocCodeSamples.dll at Library/ScriptAssemblies/Unity.Collections.DocCodeSamples.dll not valid. Loading of assembly skipped.
Assembly Unity.Collections.PerformanceTests.dll at Library/ScriptAssemblies/Unity.Collections.PerformanceTests.dll not valid. Loading of assembly skipped.
Assembly Unity.Collections.Tests.dll at Library/ScriptAssemblies/Unity.Collections.Tests.dll not valid. Loading of assembly skipped.
Assembly Unity.Collections.Tests.Playmode.dll at Library/ScriptAssemblies/Unity.Collections.Tests.Playmode.dll not valid. Loading of assembly skipped.
Assembly Unity.InputSystem.IntegrationTests.dll at Library/ScriptAssemblies/Unity.InputSystem.IntegrationTests.dll not valid. Loading of assembly skipped.
Assembly Unity.Mathematics.Tests.dll at Library/ScriptAssemblies/Unity.Mathematics.Tests.dll not valid. Loading of assembly skipped.
Assembly Unity.Multiplayer.Center.Editor.Tests.dll at Library/ScriptAssemblies/Unity.Multiplayer.Center.Editor.Tests.dll not valid. Loading of assembly skipped.
Assembly Unity.Multiplayer.Center.Tests.dll at Library/ScriptAssemblies/Unity.Multiplayer.Center.Tests.dll not valid. Loading of assembly skipped.
Assembly Unity.Nuget.Mono-Cecil.dll at Library/ScriptAssemblies/Unity.Nuget.Mono-Cecil.dll not valid. Loading of assembly skipped.
Assembly Unity.PathTracing.Editor.Tests.dll at Library/ScriptAssemblies/Unity.PathTracing.Editor.Tests.dll not valid. Loading of assembly skipped.
Assembly Unity.PathTracing.Runtime.Tests.dll at Library/ScriptAssemblies/Unity.PathTracing.Runtime.Tests.dll not valid. Loading of assembly skipped.
Assembly Unity.RenderPipelines.Core.Editor.Tests.dll at Library/ScriptAssemblies/Unity.RenderPipelines.Core.Editor.Tests.dll not valid. Loading of assembly skipped.
Assembly Unity.RenderPipelines.Core.Runtime.Tests.dll at Library/ScriptAssemblies/Unity.RenderPipelines.Core.Runtime.Tests.dll not valid. Loading of assembly skipped.
Assembly Unity.RenderPipelines.Universal.Config.Editor.Tests.dll at Library/ScriptAssemblies/Unity.RenderPipelines.Universal.Config.Editor.Tests.dll not valid. Loading of assembly skipped.
Assembly Unity.RenderPipelines.Universal.Editor.Tests.dll at Library/ScriptAssemblies/Unity.RenderPipelines.Universal.Editor.Tests.dll not valid. Loading of assembly skipped.
Assembly Unity.RenderPipelines.Universal.Runtime.Tests.dll at Library/ScriptAssemblies/Unity.RenderPipelines.Universal.Runtime.Tests.dll not valid. Loading of assembly skipped.
Assembly Unity.Searcher.EditorTests.dll at Library/ScriptAssemblies/Unity.Searcher.EditorTests.dll not valid. Loading of assembly skipped.
Assembly Unity.Services.Authentication.PlayerAccounts.EditorTests.dll at Library/ScriptAssemblies/Unity.Services.Authentication.PlayerAccounts.EditorTests.dll not valid. Loading of assembly skipped.
Assembly Unity.Services.Authentication.PlayerAccounts.Tests.dll at Library/ScriptAssemblies/Unity.Services.Authentication.PlayerAccounts.Tests.dll not valid. Loading of assembly skipped.
Assembly Unity.Services.Authentication.Server.dll at Library/ScriptAssemblies/Unity.Services.Authentication.Server.dll not valid. Loading of assembly skipped.
Assembly Unity.Services.Authentication.Server.Tests.dll at Library/ScriptAssemblies/Unity.Services.Authentication.Server.Tests.dll not valid. Loading of assembly skipped.
Assembly Unity.Services.Multiplayer.Server.dll at Library/ScriptAssemblies/Unity.Services.Multiplayer.Server.dll not valid. Loading of assembly skipped.
Assembly Unity.ShaderGraph.Editor.Tests.dll at Library/ScriptAssemblies/Unity.ShaderGraph.Editor.Tests.dll not valid. Loading of assembly skipped.
Assembly Unity.TextMeshPro.Editor.Tests.dll at Library/ScriptAssemblies/Unity.TextMeshPro.Editor.Tests.dll not valid. Loading of assembly skipped.
Assembly Unity.TextMeshPro.Tests.dll at Library/ScriptAssemblies/Unity.TextMeshPro.Tests.dll not valid. Loading of assembly skipped.
Assembly Unity.UnifiedRayTracing.Editor.Tests.dll at Library/ScriptAssemblies/Unity.UnifiedRayTracing.Editor.Tests.dll not valid. Loading of assembly skipped.
Assembly UnityEditor.UI.Common.Tests.dll at Library/ScriptAssemblies/UnityEditor.UI.Common.Tests.dll not valid. Loading of assembly skipped.
Assembly UnityEditor.UI.EditorTests.dll at Library/ScriptAssemblies/UnityEditor.UI.EditorTests.dll not valid. Loading of assembly skipped.
Assembly UnityEngine.UI.Tests.dll at Library/ScriptAssemblies/UnityEngine.UI.Tests.dll not valid. Loading of assembly skipped.
Symbol file LoadedFromMemory is not a mono symbol file
Refreshing native plugins compatible for Editor in 10.99 ms, found 7 plugins.
Native extension for iOS target not found
Native extension for Android target not found
Native extension for WindowsStandalone target not found
[Package Manager] Failed to launch server process. Reason: Unity was launched with the -noUpm command-line argument
[Package Manager] Unable to send message (not connected to server process).
[Package Manager] Cannot connect to Unity Package Manager local server
[Package Manager] Failed to launch server process. Reason: Unity was launched with the -noUpm command-line argument
[Package Manager] Unable to send message (not connected to server process).
[Package Manager] Cannot connect to Unity Package Manager local server
ScheduleIndexationOnStartup MainProcess:False IndexOnStartup:True
Mono: successfully reloaded assembly
- Finished resetting the current domain, in  3.249 seconds
Domain Reload Profiling: 5703ms
	BeginReloadAssembly (498ms)
		DisableScriptedObjects (90ms)
		CreateAndSetChildDomain (111ms)
	RebuildCommonClasses (79ms)
	RebuildNativeTypeToScriptingClass (26ms)
	initialDomainReloadingComplete (205ms)
	LoadAllAssembliesAndSetupDomain (1644ms)
		LoadAssemblies (1220ms)
		AnalyzeDomain (593ms)
			TypeCache.Refresh (33ms)
				TypeCache.ScanAssembly (4ms)
			BuildScriptInfoCaches (533ms)
			ResolveRequiredComponents (24ms)
	FinalizeReload (3251ms)
		SetupLoadedEditorAssemblies (0ms)
			InitializePlatformSupportModulesInManaged (30ms)
			BeforeProcessingInitializeOnLoad (631ms)
			ProcessInitializeOnLoadAttributes (1612ms)
			ProcessInitializeOnLoadMethodAttributes (435ms)
			AfterProcessingInitializeOnLoad (12ms)
		AwakeInstancesAfterBackupRestoration (53ms)
Refreshing native plugins compatible for Editor in 17.94 ms, found 7 plugins.
Unloading 24 Unused Serialized files (Serialized files now loaded: 0)
Unloading 8891 unused Assets / (6.1 MB). Loaded Objects now: 9771.
Memory consumption went from 214.7 MB to 208.6 MB.
Total: 19.874900 ms (FindLiveObjects: 2.065500 ms CreateObjectMapping: 1.146000 ms MarkObjects: 12.686700 ms  DeleteObjects: 3.974400 ms)

Prepare: number of updated asset objects reloaded= 0
EnvironmentDependencyValues requested are different than current active one (requested -> active):
  graphicsApiMask: 2099200 -> 2361344
========================================================================
Received Prepare
Refreshing native plugins compatible for Editor in 9.23 ms, found 7 plugins.
Unloading 24 Unused Serialized files (Serialized files now loaded: 0)
Unloading 8798 unused Assets / (6.0 MB). Loaded Objects now: 9771.
Memory consumption went from 208.2 MB to 202.2 MB.
Total: 18.960600 ms (FindLiveObjects: 1.975900 ms CreateObjectMapping: 1.042800 ms MarkObjects: 10.367900 ms  DeleteObjects: 5.571500 ms)

Prepare: number of updated asset objects reloaded= 0
EnvironmentDependencyValues requested are different than current active one (requested -> active):
  graphicsApiMask: 2099200 -> 2361344
========================================================================
Received Prepare
[Licensing::Client] Successfully resolved entitlement details
Begin MonoManager ReloadAssembly
[Licensing::Client] Successfully resolved entitlement details
Assembly Assembly-CSharp-Editor-firstpass-testable.dll at Library/ScriptAssemblies/Assembly-CSharp-Editor-firstpass-testable.dll not valid. Loading of assembly skipped.
Assembly Assembly-CSharp-Editor-firstpass.dll at Library/ScriptAssemblies/Assembly-CSharp-Editor-firstpass.dll not valid. Loading of assembly skipped.
Assembly DocCodeExamples.dll at Library/ScriptAssemblies/DocCodeExamples.dll not valid. Loading of assembly skipped.
Assembly TestNewCustomAssembly.dll at Library/ScriptAssemblies/TestNewCustomAssembly.dll not valid. Loading of assembly skipped.
Assembly Unity.2D.Animation.EditorTests.dll at Library/ScriptAssemblies/Unity.2D.Animation.EditorTests.dll not valid. Loading of assembly skipped.
Assembly Unity.2D.Aseprite.EditorTests.dll at Library/ScriptAssemblies/Unity.2D.Aseprite.EditorTests.dll not valid. Loading of assembly skipped.
Assembly Unity.2D.Common.EditorTests.dll at Library/ScriptAssemblies/Unity.2D.Common.EditorTests.dll not valid. Loading of assembly skipped.
Assembly Unity.2D.Psdimporter.EditorTests.dll at Library/ScriptAssemblies/Unity.2D.Psdimporter.EditorTests.dll not valid. Loading of assembly skipped.
Assembly Unity.2D.Sprite.Package.EditorTests.dll at Library/ScriptAssemblies/Unity.2D.Sprite.Package.EditorTests.dll not valid. Loading of assembly skipped.
Assembly Unity.2D.SpriteShape.EditorTests.dll at Library/ScriptAssemblies/Unity.2D.SpriteShape.EditorTests.dll not valid. Loading of assembly skipped.
Assembly Unity.2D.Tilemap.Package.EditorTests.dll at Library/ScriptAssemblies/Unity.2D.Tilemap.Package.EditorTests.dll not valid. Loading of assembly skipped.
Assembly Unity.Collections.BurstCompatibilityGen.dll at Library/ScriptAssemblies/Unity.Collections.BurstCompatibilityGen.dll not valid. Loading of assembly skipped.
Assembly Unity.Collections.DocCodeSamples.dll at Library/ScriptAssemblies/Unity.Collections.DocCodeSamples.dll not valid. Loading of assembly skipped.
Assembly Unity.Collections.PerformanceTests.dll at Library/ScriptAssemblies/Unity.Collections.PerformanceTests.dll not valid. Loading of assembly skipped.
Assembly Unity.Collections.Tests.dll at Library/ScriptAssemblies/Unity.Collections.Tests.dll not valid. Loading of assembly skipped.
Assembly Unity.Collections.Tests.Playmode.dll at Library/ScriptAssemblies/Unity.Collections.Tests.Playmode.dll not valid. Loading of assembly skipped.
Assembly Unity.InputSystem.IntegrationTests.dll at Library/ScriptAssemblies/Unity.InputSystem.IntegrationTests.dll not valid. Loading of assembly skipped.
Assembly Unity.Mathematics.Tests.dll at Library/ScriptAssemblies/Unity.Mathematics.Tests.dll not valid. Loading of assembly skipped.
Assembly Unity.Multiplayer.Center.Editor.Tests.dll at Library/ScriptAssemblies/Unity.Multiplayer.Center.Editor.Tests.dll not valid. Loading of assembly skipped.
Assembly Unity.Multiplayer.Center.Tests.dll at Library/ScriptAssemblies/Unity.Multiplayer.Center.Tests.dll not valid. Loading of assembly skipped.
Assembly Unity.Nuget.Mono-Cecil.dll at Library/ScriptAssemblies/Unity.Nuget.Mono-Cecil.dll not valid. Loading of assembly skipped.
Assembly Unity.PathTracing.Editor.Tests.dll at Library/ScriptAssemblies/Unity.PathTracing.Editor.Tests.dll not valid. Loading of assembly skipped.
Assembly Unity.PathTracing.Runtime.Tests.dll at Library/ScriptAssemblies/Unity.PathTracing.Runtime.Tests.dll not valid. Loading of assembly skipped.
Assembly Unity.RenderPipelines.Core.Editor.Tests.dll at Library/ScriptAssemblies/Unity.RenderPipelines.Core.Editor.Tests.dll not valid. Loading of assembly skipped.
Assembly Unity.RenderPipelines.Core.Runtime.Tests.dll at Library/ScriptAssemblies/Unity.RenderPipelines.Core.Runtime.Tests.dll not valid. Loading of assembly skipped.
Assembly Unity.RenderPipelines.Universal.Config.Editor.Tests.dll at Library/ScriptAssemblies/Unity.RenderPipelines.Universal.Config.Editor.Tests.dll not valid. Loading of assembly skipped.
Assembly Unity.RenderPipelines.Universal.Editor.Tests.dll at Library/ScriptAssemblies/Unity.RenderPipelines.Universal.Editor.Tests.dll not valid. Loading of assembly skipped.
Assembly Unity.RenderPipelines.Universal.Runtime.Tests.dll at Library/ScriptAssemblies/Unity.RenderPipelines.Universal.Runtime.Tests.dll not valid. Loading of assembly skipped.
Assembly Unity.Searcher.EditorTests.dll at Library/ScriptAssemblies/Unity.Searcher.EditorTests.dll not valid. Loading of assembly skipped.
Assembly Unity.Services.Authentication.PlayerAccounts.EditorTests.dll at Library/ScriptAssemblies/Unity.Services.Authentication.PlayerAccounts.EditorTests.dll not valid. Loading of assembly skipped.
Assembly Unity.Services.Authentication.PlayerAccounts.Tests.dll at Library/ScriptAssemblies/Unity.Services.Authentication.PlayerAccounts.Tests.dll not valid. Loading of assembly skipped.
Assembly Unity.Services.Authentication.Server.dll at Library/ScriptAssemblies/Unity.Services.Authentication.Server.dll not valid. Loading of assembly skipped.
Assembly Unity.Services.Authentication.Server.Tests.dll at Library/ScriptAssemblies/Unity.Services.Authentication.Server.Tests.dll not valid. Loading of assembly skipped.
Assembly Unity.Services.Multiplayer.Server.dll at Library/ScriptAssemblies/Unity.Services.Multiplayer.Server.dll not valid. Loading of assembly skipped.
Assembly Unity.ShaderGraph.Editor.Tests.dll at Library/ScriptAssemblies/Unity.ShaderGraph.Editor.Tests.dll not valid. Loading of assembly skipped.
Assembly Unity.TextMeshPro.Editor.Tests.dll at Library/ScriptAssemblies/Unity.TextMeshPro.Editor.Tests.dll not valid. Loading of assembly skipped.
Assembly Unity.TextMeshPro.Tests.dll at Library/ScriptAssemblies/Unity.TextMeshPro.Tests.dll not valid. Loading of assembly skipped.
Assembly Unity.UnifiedRayTracing.Editor.Tests.dll at Library/ScriptAssemblies/Unity.UnifiedRayTracing.Editor.Tests.dll not valid. Loading of assembly skipped.
Assembly UnityEditor.UI.Common.Tests.dll at Library/ScriptAssemblies/UnityEditor.UI.Common.Tests.dll not valid. Loading of assembly skipped.
Assembly UnityEditor.UI.EditorTests.dll at Library/ScriptAssemblies/UnityEditor.UI.EditorTests.dll not valid. Loading of assembly skipped.
Assembly UnityEngine.UI.Tests.dll at Library/ScriptAssemblies/UnityEngine.UI.Tests.dll not valid. Loading of assembly skipped.
Symbol file LoadedFromMemory is not a mono symbol file
Refreshing native plugins compatible for Editor in 8.43 ms, found 7 plugins.
Native extension for iOS target not found
Native extension for Android target not found
Native extension for WindowsStandalone target not found
[Package Manager] Failed to launch server process. Reason: Unity was launched with the -noUpm command-line argument
[Package Manager] Unable to send message (not connected to server process).
[Package Manager] Cannot connect to Unity Package Manager local server
[Package Manager] Failed to launch server process. Reason: Unity was launched with the -noUpm command-line argument
[Package Manager] Unable to send message (not connected to server process).
[Package Manager] Cannot connect to Unity Package Manager local server
ScheduleIndexationOnStartup MainProcess:False IndexOnStartup:True
Mono: successfully reloaded assembly
- Finished resetting the current domain, in  2.814 seconds
Domain Reload Profiling: 5195ms
	BeginReloadAssembly (500ms)
		DisableScriptedObjects (95ms)
		CreateAndSetChildDomain (105ms)
	RebuildCommonClasses (79ms)
	RebuildNativeTypeToScriptingClass (29ms)
	initialDomainReloadingComplete (193ms)
	LoadAllAssembliesAndSetupDomain (1580ms)
		LoadAssemblies (1168ms)
		AnalyzeDomain (581ms)
			TypeCache.Refresh (36ms)
				TypeCache.ScanAssembly (4ms)
			BuildScriptInfoCaches (512ms)
			ResolveRequiredComponents (29ms)
	FinalizeReload (2815ms)
		SetupLoadedEditorAssemblies (0ms)
			InitializePlatformSupportModulesInManaged (31ms)
			BeforeProcessingInitializeOnLoad (541ms)
			ProcessInitializeOnLoadAttributes (1351ms)
			ProcessInitializeOnLoadMethodAttributes (412ms)
			AfterProcessingInitializeOnLoad (13ms)
		AwakeInstancesAfterBackupRestoration (52ms)
Refreshing native plugins compatible for Editor in 12.61 ms, found 7 plugins.
Unloading 24 Unused Serialized files (Serialized files now loaded: 0)
Unloading 8891 unused Assets / (6.1 MB). Loaded Objects now: 9775.
Memory consumption went from 215.7 MB to 209.6 MB.
Total: 18.662700 ms (FindLiveObjects: 1.977300 ms CreateObjectMapping: 1.451500 ms MarkObjects: 11.139500 ms  DeleteObjects: 4.091900 ms)

Prepare: number of updated asset objects reloaded= 0
EnvironmentDependencyValues requested are different than current active one (requested -> active):
  graphicsApiMask: 2099200 -> 2361344
========================================================================
Received Prepare
Refreshing native plugins compatible for Editor in 11.28 ms, found 7 plugins.
Unloading 24 Unused Serialized files (Serialized files now loaded: 0)
Unloading 8798 unused Assets / (6.2 MB). Loaded Objects now: 9775.
Memory consumption went from 209.2 MB to 203.0 MB.
Total: 18.025300 ms (FindLiveObjects: 1.958900 ms CreateObjectMapping: 0.962300 ms MarkObjects: 10.437600 ms  DeleteObjects: 4.664200 ms)

Prepare: number of updated asset objects reloaded= 0
EnvironmentDependencyValues requested are different than current active one (requested -> active):
  graphicsApiMask: 2099200 -> 2361344
========================================================================
Received Prepare
[Licensing::Client] Successfully resolved entitlement details
Begin MonoManager ReloadAssembly
[Licensing::Client] Successfully resolved entitlement details
Assembly Assembly-CSharp-Editor-firstpass-testable.dll at Library/ScriptAssemblies/Assembly-CSharp-Editor-firstpass-testable.dll not valid. Loading of assembly skipped.
Assembly Assembly-CSharp-Editor-firstpass.dll at Library/ScriptAssemblies/Assembly-CSharp-Editor-firstpass.dll not valid. Loading of assembly skipped.
Assembly DocCodeExamples.dll at Library/ScriptAssemblies/DocCodeExamples.dll not valid. Loading of assembly skipped.
Assembly TestNewCustomAssembly.dll at Library/ScriptAssemblies/TestNewCustomAssembly.dll not valid. Loading of assembly skipped.
Assembly Unity.2D.Animation.EditorTests.dll at Library/ScriptAssemblies/Unity.2D.Animation.EditorTests.dll not valid. Loading of assembly skipped.
Assembly Unity.2D.Aseprite.EditorTests.dll at Library/ScriptAssemblies/Unity.2D.Aseprite.EditorTests.dll not valid. Loading of assembly skipped.
Assembly Unity.2D.Common.EditorTests.dll at Library/ScriptAssemblies/Unity.2D.Common.EditorTests.dll not valid. Loading of assembly skipped.
Assembly Unity.2D.Psdimporter.EditorTests.dll at Library/ScriptAssemblies/Unity.2D.Psdimporter.EditorTests.dll not valid. Loading of assembly skipped.
Assembly Unity.2D.Sprite.Package.EditorTests.dll at Library/ScriptAssemblies/Unity.2D.Sprite.Package.EditorTests.dll not valid. Loading of assembly skipped.
Assembly Unity.2D.SpriteShape.EditorTests.dll at Library/ScriptAssemblies/Unity.2D.SpriteShape.EditorTests.dll not valid. Loading of assembly skipped.
Assembly Unity.2D.Tilemap.Package.EditorTests.dll at Library/ScriptAssemblies/Unity.2D.Tilemap.Package.EditorTests.dll not valid. Loading of assembly skipped.
Assembly Unity.Collections.BurstCompatibilityGen.dll at Library/ScriptAssemblies/Unity.Collections.BurstCompatibilityGen.dll not valid. Loading of assembly skipped.
Assembly Unity.Collections.DocCodeSamples.dll at Library/ScriptAssemblies/Unity.Collections.DocCodeSamples.dll not valid. Loading of assembly skipped.
Assembly Unity.Collections.PerformanceTests.dll at Library/ScriptAssemblies/Unity.Collections.PerformanceTests.dll not valid. Loading of assembly skipped.
Assembly Unity.Collections.Tests.dll at Library/ScriptAssemblies/Unity.Collections.Tests.dll not valid. Loading of assembly skipped.
Assembly Unity.Collections.Tests.Playmode.dll at Library/ScriptAssemblies/Unity.Collections.Tests.Playmode.dll not valid. Loading of assembly skipped.
Assembly Unity.InputSystem.IntegrationTests.dll at Library/ScriptAssemblies/Unity.InputSystem.IntegrationTests.dll not valid. Loading of assembly skipped.
Assembly Unity.Mathematics.Tests.dll at Library/ScriptAssemblies/Unity.Mathematics.Tests.dll not valid. Loading of assembly skipped.
Assembly Unity.Multiplayer.Center.Editor.Tests.dll at Library/ScriptAssemblies/Unity.Multiplayer.Center.Editor.Tests.dll not valid. Loading of assembly skipped.
Assembly Unity.Multiplayer.Center.Tests.dll at Library/ScriptAssemblies/Unity.Multiplayer.Center.Tests.dll not valid. Loading of assembly skipped.
Assembly Unity.Nuget.Mono-Cecil.dll at Library/ScriptAssemblies/Unity.Nuget.Mono-Cecil.dll not valid. Loading of assembly skipped.
Assembly Unity.PathTracing.Editor.Tests.dll at Library/ScriptAssemblies/Unity.PathTracing.Editor.Tests.dll not valid. Loading of assembly skipped.
Assembly Unity.PathTracing.Runtime.Tests.dll at Library/ScriptAssemblies/Unity.PathTracing.Runtime.Tests.dll not valid. Loading of assembly skipped.
Assembly Unity.RenderPipelines.Core.Editor.Tests.dll at Library/ScriptAssemblies/Unity.RenderPipelines.Core.Editor.Tests.dll not valid. Loading of assembly skipped.
Assembly Unity.RenderPipelines.Core.Runtime.Tests.dll at Library/ScriptAssemblies/Unity.RenderPipelines.Core.Runtime.Tests.dll not valid. Loading of assembly skipped.
Assembly Unity.RenderPipelines.Universal.Config.Editor.Tests.dll at Library/ScriptAssemblies/Unity.RenderPipelines.Universal.Config.Editor.Tests.dll not valid. Loading of assembly skipped.
Assembly Unity.RenderPipelines.Universal.Editor.Tests.dll at Library/ScriptAssemblies/Unity.RenderPipelines.Universal.Editor.Tests.dll not valid. Loading of assembly skipped.
Assembly Unity.RenderPipelines.Universal.Runtime.Tests.dll at Library/ScriptAssemblies/Unity.RenderPipelines.Universal.Runtime.Tests.dll not valid. Loading of assembly skipped.
Assembly Unity.Searcher.EditorTests.dll at Library/ScriptAssemblies/Unity.Searcher.EditorTests.dll not valid. Loading of assembly skipped.
Assembly Unity.Services.Authentication.PlayerAccounts.EditorTests.dll at Library/ScriptAssemblies/Unity.Services.Authentication.PlayerAccounts.EditorTests.dll not valid. Loading of assembly skipped.
Assembly Unity.Services.Authentication.PlayerAccounts.Tests.dll at Library/ScriptAssemblies/Unity.Services.Authentication.PlayerAccounts.Tests.dll not valid. Loading of assembly skipped.
Assembly Unity.Services.Authentication.Server.dll at Library/ScriptAssemblies/Unity.Services.Authentication.Server.dll not valid. Loading of assembly skipped.
Assembly Unity.Services.Authentication.Server.Tests.dll at Library/ScriptAssemblies/Unity.Services.Authentication.Server.Tests.dll not valid. Loading of assembly skipped.
Assembly Unity.Services.Multiplayer.Server.dll at Library/ScriptAssemblies/Unity.Services.Multiplayer.Server.dll not valid. Loading of assembly skipped.
Assembly Unity.ShaderGraph.Editor.Tests.dll at Library/ScriptAssemblies/Unity.ShaderGraph.Editor.Tests.dll not valid. Loading of assembly skipped.
Assembly Unity.TextMeshPro.Editor.Tests.dll at Library/ScriptAssemblies/Unity.TextMeshPro.Editor.Tests.dll not valid. Loading of assembly skipped.
Assembly Unity.TextMeshPro.Tests.dll at Library/ScriptAssemblies/Unity.TextMeshPro.Tests.dll not valid. Loading of assembly skipped.
Assembly Unity.UnifiedRayTracing.Editor.Tests.dll at Library/ScriptAssemblies/Unity.UnifiedRayTracing.Editor.Tests.dll not valid. Loading of assembly skipped.
Assembly UnityEditor.UI.Common.Tests.dll at Library/ScriptAssemblies/UnityEditor.UI.Common.Tests.dll not valid. Loading of assembly skipped.
Assembly UnityEditor.UI.EditorTests.dll at Library/ScriptAssemblies/UnityEditor.UI.EditorTests.dll not valid. Loading of assembly skipped.
Assembly UnityEngine.UI.Tests.dll at Library/ScriptAssemblies/UnityEngine.UI.Tests.dll not valid. Loading of assembly skipped.
Symbol file LoadedFromMemory is not a mono symbol file
Refreshing native plugins compatible for Editor in 9.40 ms, found 7 plugins.
Native extension for iOS target not found
Native extension for Android target not found
Native extension for WindowsStandalone target not found
[Package Manager] Failed to launch server process. Reason: Unity was launched with the -noUpm command-line argument
[Package Manager] Unable to send message (not connected to server process).
[Package Manager] Cannot connect to Unity Package Manager local server
[Package Manager] Failed to launch server process. Reason: Unity was launched with the -noUpm command-line argument
[Package Manager] Unable to send message (not connected to server process).
[Package Manager] Cannot connect to Unity Package Manager local server
ScheduleIndexationOnStartup MainProcess:False IndexOnStartup:True
Mono: successfully reloaded assembly
- Finished resetting the current domain, in  3.146 seconds
Domain Reload Profiling: 5761ms
	BeginReloadAssembly (532ms)
		DisableScriptedObjects (70ms)
		CreateAndSetChildDomain (118ms)
	RebuildCommonClasses (78ms)
	RebuildNativeTypeToScriptingClass (27ms)
	initialDomainReloadingComplete (216ms)
	LoadAllAssembliesAndSetupDomain (1761ms)
		LoadAssemblies (1348ms)
		AnalyzeDomain (616ms)
			TypeCache.Refresh (31ms)
				TypeCache.ScanAssembly (4ms)
			BuildScriptInfoCaches (558ms)
			ResolveRequiredComponents (24ms)
	FinalizeReload (3147ms)
		SetupLoadedEditorAssemblies (0ms)
			InitializePlatformSupportModulesInManaged (29ms)
			BeforeProcessingInitializeOnLoad (628ms)
			ProcessInitializeOnLoadAttributes (1467ms)
			ProcessInitializeOnLoadMethodAttributes (462ms)
			AfterProcessingInitializeOnLoad (14ms)
		AwakeInstancesAfterBackupRestoration (79ms)
Refreshing native plugins compatible for Editor in 13.67 ms, found 7 plugins.
Unloading 24 Unused Serialized files (Serialized files now loaded: 0)
Unloading 8891 unused Assets / (6.2 MB). Loaded Objects now: 9779.
Memory consumption went from 216.8 MB to 210.6 MB.
Total: 21.515900 ms (FindLiveObjects: 1.758300 ms CreateObjectMapping: 1.028900 ms MarkObjects: 13.119000 ms  DeleteObjects: 5.607900 ms)

Prepare: number of updated asset objects reloaded= 0
EnvironmentDependencyValues requested are different than current active one (requested -> active):
  graphicsApiMask: 2099200 -> 2361344
========================================================================
Received Prepare
Refreshing native plugins compatible for Editor in 16.94 ms, found 7 plugins.
Unloading 24 Unused Serialized files (Serialized files now loaded: 0)
Unloading 8798 unused Assets / (6.2 MB). Loaded Objects now: 9779.
Memory consumption went from 210.2 MB to 204.0 MB.
Total: 20.971200 ms (FindLiveObjects: 1.553100 ms CreateObjectMapping: 0.612400 ms MarkObjects: 14.079100 ms  DeleteObjects: 4.724200 ms)

Prepare: number of updated asset objects reloaded= 0
EnvironmentDependencyValues requested are different than current active one (requested -> active):
  graphicsApiMask: 2099200 -> 2361344
========================================================================
Received Prepare
Refreshing native plugins compatible for Editor in 12.90 ms, found 7 plugins.
Unloading 24 Unused Serialized files (Serialized files now loaded: 0)
Unloading 8798 unused Assets / (6.6 MB). Loaded Objects now: 9779.
Memory consumption went from 210.1 MB to 203.5 MB.
Total: 19.913000 ms (FindLiveObjects: 1.625600 ms CreateObjectMapping: 0.689400 ms MarkObjects: 10.951600 ms  DeleteObjects: 6.644200 ms)

Prepare: number of updated asset objects reloaded= 0
EnvironmentDependencyValues requested are different than current active one (requested -> active):
  graphicsApiMask: 2099200 -> 2361344
========================================================================
Received Prepare
Begin MonoManager ReloadAssembly
Assembly Assembly-CSharp-Editor-firstpass-testable.dll at Library/ScriptAssemblies/Assembly-CSharp-Editor-firstpass-testable.dll not valid. Loading of assembly skipped.
Assembly Assembly-CSharp-Editor-firstpass.dll at Library/ScriptAssemblies/Assembly-CSharp-Editor-firstpass.dll not valid. Loading of assembly skipped.
Assembly DocCodeExamples.dll at Library/ScriptAssemblies/DocCodeExamples.dll not valid. Loading of assembly skipped.
Assembly TestNewCustomAssembly.dll at Library/ScriptAssemblies/TestNewCustomAssembly.dll not valid. Loading of assembly skipped.
Assembly Unity.2D.Animation.EditorTests.dll at Library/ScriptAssemblies/Unity.2D.Animation.EditorTests.dll not valid. Loading of assembly skipped.
Assembly Unity.2D.Aseprite.EditorTests.dll at Library/ScriptAssemblies/Unity.2D.Aseprite.EditorTests.dll not valid. Loading of assembly skipped.
Assembly Unity.2D.Common.EditorTests.dll at Library/ScriptAssemblies/Unity.2D.Common.EditorTests.dll not valid. Loading of assembly skipped.
Assembly Unity.2D.Psdimporter.EditorTests.dll at Library/ScriptAssemblies/Unity.2D.Psdimporter.EditorTests.dll not valid. Loading of assembly skipped.
Assembly Unity.2D.Sprite.Package.EditorTests.dll at Library/ScriptAssemblies/Unity.2D.Sprite.Package.EditorTests.dll not valid. Loading of assembly skipped.
Assembly Unity.2D.SpriteShape.EditorTests.dll at Library/ScriptAssemblies/Unity.2D.SpriteShape.EditorTests.dll not valid. Loading of assembly skipped.
Assembly Unity.2D.Tilemap.Package.EditorTests.dll at Library/ScriptAssemblies/Unity.2D.Tilemap.Package.EditorTests.dll not valid. Loading of assembly skipped.
Assembly Unity.Collections.BurstCompatibilityGen.dll at Library/ScriptAssemblies/Unity.Collections.BurstCompatibilityGen.dll not valid. Loading of assembly skipped.
Assembly Unity.Collections.DocCodeSamples.dll at Library/ScriptAssemblies/Unity.Collections.DocCodeSamples.dll not valid. Loading of assembly skipped.
Assembly Unity.Collections.PerformanceTests.dll at Library/ScriptAssemblies/Unity.Collections.PerformanceTests.dll not valid. Loading of assembly skipped.
Assembly Unity.Collections.Tests.dll at Library/ScriptAssemblies/Unity.Collections.Tests.dll not valid. Loading of assembly skipped.
Assembly Unity.Collections.Tests.Playmode.dll at Library/ScriptAssemblies/Unity.Collections.Tests.Playmode.dll not valid. Loading of assembly skipped.
Assembly Unity.InputSystem.IntegrationTests.dll at Library/ScriptAssemblies/Unity.InputSystem.IntegrationTests.dll not valid. Loading of assembly skipped.
Assembly Unity.Mathematics.Tests.dll at Library/ScriptAssemblies/Unity.Mathematics.Tests.dll not valid. Loading of assembly skipped.
Assembly Unity.Multiplayer.Center.Editor.Tests.dll at Library/ScriptAssemblies/Unity.Multiplayer.Center.Editor.Tests.dll not valid. Loading of assembly skipped.
Assembly Unity.Multiplayer.Center.Tests.dll at Library/ScriptAssemblies/Unity.Multiplayer.Center.Tests.dll not valid. Loading of assembly skipped.
Assembly Unity.Nuget.Mono-Cecil.dll at Library/ScriptAssemblies/Unity.Nuget.Mono-Cecil.dll not valid. Loading of assembly skipped.
Assembly Unity.PathTracing.Editor.Tests.dll at Library/ScriptAssemblies/Unity.PathTracing.Editor.Tests.dll not valid. Loading of assembly skipped.
Assembly Unity.PathTracing.Runtime.Tests.dll at Library/ScriptAssemblies/Unity.PathTracing.Runtime.Tests.dll not valid. Loading of assembly skipped.
Assembly Unity.RenderPipelines.Core.Editor.Tests.dll at Library/ScriptAssemblies/Unity.RenderPipelines.Core.Editor.Tests.dll not valid. Loading of assembly skipped.
Assembly Unity.RenderPipelines.Core.Runtime.Tests.dll at Library/ScriptAssemblies/Unity.RenderPipelines.Core.Runtime.Tests.dll not valid. Loading of assembly skipped.
Assembly Unity.RenderPipelines.Universal.Config.Editor.Tests.dll at Library/ScriptAssemblies/Unity.RenderPipelines.Universal.Config.Editor.Tests.dll not valid. Loading of assembly skipped.
Assembly Unity.RenderPipelines.Universal.Editor.Tests.dll at Library/ScriptAssemblies/Unity.RenderPipelines.Universal.Editor.Tests.dll not valid. Loading of assembly skipped.
Assembly Unity.RenderPipelines.Universal.Runtime.Tests.dll at Library/ScriptAssemblies/Unity.RenderPipelines.Universal.Runtime.Tests.dll not valid. Loading of assembly skipped.
Assembly Unity.Searcher.EditorTests.dll at Library/ScriptAssemblies/Unity.Searcher.EditorTests.dll not valid. Loading of assembly skipped.
Assembly Unity.Services.Authentication.PlayerAccounts.EditorTests.dll at Library/ScriptAssemblies/Unity.Services.Authentication.PlayerAccounts.EditorTests.dll not valid. Loading of assembly skipped.
Assembly Unity.Services.Authentication.PlayerAccounts.Tests.dll at Library/ScriptAssemblies/Unity.Services.Authentication.PlayerAccounts.Tests.dll not valid. Loading of assembly skipped.
Assembly Unity.Services.Authentication.Server.dll at Library/ScriptAssemblies/Unity.Services.Authentication.Server.dll not valid. Loading of assembly skipped.
Assembly Unity.Services.Authentication.Server.Tests.dll at Library/ScriptAssemblies/Unity.Services.Authentication.Server.Tests.dll not valid. Loading of assembly skipped.
Assembly Unity.Services.Multiplayer.Server.dll at Library/ScriptAssemblies/Unity.Services.Multiplayer.Server.dll not valid. Loading of assembly skipped.
Assembly Unity.ShaderGraph.Editor.Tests.dll at Library/ScriptAssemblies/Unity.ShaderGraph.Editor.Tests.dll not valid. Loading of assembly skipped.
Assembly Unity.TextMeshPro.Editor.Tests.dll at Library/ScriptAssemblies/Unity.TextMeshPro.Editor.Tests.dll not valid. Loading of assembly skipped.
Assembly Unity.TextMeshPro.Tests.dll at Library/ScriptAssemblies/Unity.TextMeshPro.Tests.dll not valid. Loading of assembly skipped.
Assembly Unity.UnifiedRayTracing.Editor.Tests.dll at Library/ScriptAssemblies/Unity.UnifiedRayTracing.Editor.Tests.dll not valid. Loading of assembly skipped.
Assembly UnityEditor.UI.Common.Tests.dll at Library/ScriptAssemblies/UnityEditor.UI.Common.Tests.dll not valid. Loading of assembly skipped.
Assembly UnityEditor.UI.EditorTests.dll at Library/ScriptAssemblies/UnityEditor.UI.EditorTests.dll not valid. Loading of assembly skipped.
Assembly UnityEngine.UI.Tests.dll at Library/ScriptAssemblies/UnityEngine.UI.Tests.dll not valid. Loading of assembly skipped.
Symbol file LoadedFromMemory is not a mono symbol file
Refreshing native plugins compatible for Editor in 11.30 ms, found 7 plugins.
Native extension for iOS target not found
Native extension for Android target not found
Native extension for WindowsStandalone target not found
[Package Manager] Failed to launch server process. Reason: Unity was launched with the -noUpm command-line argument
[Package Manager] Unable to send message (not connected to server process).
[Package Manager] Cannot connect to Unity Package Manager local server
[Package Manager] Failed to launch server process. Reason: Unity was launched with the -noUpm command-line argument
[Package Manager] Unable to send message (not connected to server process).
[Package Manager] Cannot connect to Unity Package Manager local server
ScheduleIndexationOnStartup MainProcess:False IndexOnStartup:True
Mono: successfully reloaded assembly
- Finished resetting the current domain, in  3.055 seconds
Domain Reload Profiling: 5590ms
	BeginReloadAssembly (540ms)
		DisableScriptedObjects (105ms)
		CreateAndSetChildDomain (120ms)
	RebuildCommonClasses (80ms)
	RebuildNativeTypeToScriptingClass (28ms)
	initialDomainReloadingComplete (197ms)
	LoadAllAssembliesAndSetupDomain (1689ms)
		LoadAssemblies (1228ms)
		AnalyzeDomain (626ms)
			TypeCache.Refresh (35ms)
				TypeCache.ScanAssembly (3ms)
			BuildScriptInfoCaches (559ms)
			ResolveRequiredComponents (28ms)
	FinalizeReload (3056ms)
		SetupLoadedEditorAssemblies (0ms)
			InitializePlatformSupportModulesInManaged (34ms)
			BeforeProcessingInitializeOnLoad (577ms)
			ProcessInitializeOnLoadAttributes (1491ms)
			ProcessInitializeOnLoadMethodAttributes (413ms)
			AfterProcessingInitializeOnLoad (22ms)
		AwakeInstancesAfterBackupRestoration (54ms)
Refreshing native plugins compatible for Editor in 15.06 ms, found 7 plugins.
Unloading 24 Unused Serialized files (Serialized files now loaded: 0)
Unloading 8891 unused Assets / (6.0 MB). Loaded Objects now: 9783.
Memory consumption went from 218.3 MB to 212.2 MB.
Total: 23.565100 ms (FindLiveObjects: 1.793700 ms CreateObjectMapping: 1.136200 ms MarkObjects: 13.017900 ms  DeleteObjects: 7.615400 ms)

Prepare: number of updated asset objects reloaded= 0
EnvironmentDependencyValues requested are different than current active one (requested -> active):
  graphicsApiMask: 2099200 -> 2361344
========================================================================
Received Prepare
Refreshing native plugins compatible for Editor in 11.39 ms, found 7 plugins.
Unloading 24 Unused Serialized files (Serialized files now loaded: 0)
Unloading 8798 unused Assets / (5.8 MB). Loaded Objects now: 9783.
Memory consumption went from 211.8 MB to 205.9 MB.
Total: 16.454300 ms (FindLiveObjects: 1.444100 ms CreateObjectMapping: 0.837100 ms MarkObjects: 10.657800 ms  DeleteObjects: 3.513600 ms)

Prepare: number of updated asset objects reloaded= 0
EnvironmentDependencyValues requested are different than current active one (requested -> active):
  graphicsApiMask: 2099200 -> 2361344
========================================================================
Received Prepare
Begin MonoManager ReloadAssembly
Assembly Assembly-CSharp-Editor-firstpass-testable.dll at Library/ScriptAssemblies/Assembly-CSharp-Editor-firstpass-testable.dll not valid. Loading of assembly skipped.
Assembly Assembly-CSharp-Editor-firstpass.dll at Library/ScriptAssemblies/Assembly-CSharp-Editor-firstpass.dll not valid. Loading of assembly skipped.
Assembly DocCodeExamples.dll at Library/ScriptAssemblies/DocCodeExamples.dll not valid. Loading of assembly skipped.
Assembly TestNewCustomAssembly.dll at Library/ScriptAssemblies/TestNewCustomAssembly.dll not valid. Loading of assembly skipped.
Assembly Unity.2D.Animation.EditorTests.dll at Library/ScriptAssemblies/Unity.2D.Animation.EditorTests.dll not valid. Loading of assembly skipped.
Assembly Unity.2D.Aseprite.EditorTests.dll at Library/ScriptAssemblies/Unity.2D.Aseprite.EditorTests.dll not valid. Loading of assembly skipped.
Assembly Unity.2D.Common.EditorTests.dll at Library/ScriptAssemblies/Unity.2D.Common.EditorTests.dll not valid. Loading of assembly skipped.
Assembly Unity.2D.Psdimporter.EditorTests.dll at Library/ScriptAssemblies/Unity.2D.Psdimporter.EditorTests.dll not valid. Loading of assembly skipped.
Assembly Unity.2D.Sprite.Package.EditorTests.dll at Library/ScriptAssemblies/Unity.2D.Sprite.Package.EditorTests.dll not valid. Loading of assembly skipped.
Assembly Unity.2D.SpriteShape.EditorTests.dll at Library/ScriptAssemblies/Unity.2D.SpriteShape.EditorTests.dll not valid. Loading of assembly skipped.
Assembly Unity.2D.Tilemap.Package.EditorTests.dll at Library/ScriptAssemblies/Unity.2D.Tilemap.Package.EditorTests.dll not valid. Loading of assembly skipped.
Assembly Unity.Collections.BurstCompatibilityGen.dll at Library/ScriptAssemblies/Unity.Collections.BurstCompatibilityGen.dll not valid. Loading of assembly skipped.
Assembly Unity.Collections.DocCodeSamples.dll at Library/ScriptAssemblies/Unity.Collections.DocCodeSamples.dll not valid. Loading of assembly skipped.
Assembly Unity.Collections.PerformanceTests.dll at Library/ScriptAssemblies/Unity.Collections.PerformanceTests.dll not valid. Loading of assembly skipped.
Assembly Unity.Collections.Tests.dll at Library/ScriptAssemblies/Unity.Collections.Tests.dll not valid. Loading of assembly skipped.
Assembly Unity.Collections.Tests.Playmode.dll at Library/ScriptAssemblies/Unity.Collections.Tests.Playmode.dll not valid. Loading of assembly skipped.
Assembly Unity.InputSystem.IntegrationTests.dll at Library/ScriptAssemblies/Unity.InputSystem.IntegrationTests.dll not valid. Loading of assembly skipped.
Assembly Unity.Mathematics.Tests.dll at Library/ScriptAssemblies/Unity.Mathematics.Tests.dll not valid. Loading of assembly skipped.
Assembly Unity.Multiplayer.Center.Editor.Tests.dll at Library/ScriptAssemblies/Unity.Multiplayer.Center.Editor.Tests.dll not valid. Loading of assembly skipped.
Assembly Unity.Multiplayer.Center.Tests.dll at Library/ScriptAssemblies/Unity.Multiplayer.Center.Tests.dll not valid. Loading of assembly skipped.
Assembly Unity.Nuget.Mono-Cecil.dll at Library/ScriptAssemblies/Unity.Nuget.Mono-Cecil.dll not valid. Loading of assembly skipped.
Assembly Unity.PathTracing.Editor.Tests.dll at Library/ScriptAssemblies/Unity.PathTracing.Editor.Tests.dll not valid. Loading of assembly skipped.
Assembly Unity.PathTracing.Runtime.Tests.dll at Library/ScriptAssemblies/Unity.PathTracing.Runtime.Tests.dll not valid. Loading of assembly skipped.
Assembly Unity.RenderPipelines.Core.Editor.Tests.dll at Library/ScriptAssemblies/Unity.RenderPipelines.Core.Editor.Tests.dll not valid. Loading of assembly skipped.
Assembly Unity.RenderPipelines.Core.Runtime.Tests.dll at Library/ScriptAssemblies/Unity.RenderPipelines.Core.Runtime.Tests.dll not valid. Loading of assembly skipped.
Assembly Unity.RenderPipelines.Universal.Config.Editor.Tests.dll at Library/ScriptAssemblies/Unity.RenderPipelines.Universal.Config.Editor.Tests.dll not valid. Loading of assembly skipped.
Assembly Unity.RenderPipelines.Universal.Editor.Tests.dll at Library/ScriptAssemblies/Unity.RenderPipelines.Universal.Editor.Tests.dll not valid. Loading of assembly skipped.
Assembly Unity.RenderPipelines.Universal.Runtime.Tests.dll at Library/ScriptAssemblies/Unity.RenderPipelines.Universal.Runtime.Tests.dll not valid. Loading of assembly skipped.
Assembly Unity.Searcher.EditorTests.dll at Library/ScriptAssemblies/Unity.Searcher.EditorTests.dll not valid. Loading of assembly skipped.
Assembly Unity.Services.Authentication.PlayerAccounts.EditorTests.dll at Library/ScriptAssemblies/Unity.Services.Authentication.PlayerAccounts.EditorTests.dll not valid. Loading of assembly skipped.
Assembly Unity.Services.Authentication.PlayerAccounts.Tests.dll at Library/ScriptAssemblies/Unity.Services.Authentication.PlayerAccounts.Tests.dll not valid. Loading of assembly skipped.
Assembly Unity.Services.Authentication.Server.dll at Library/ScriptAssemblies/Unity.Services.Authentication.Server.dll not valid. Loading of assembly skipped.
Assembly Unity.Services.Authentication.Server.Tests.dll at Library/ScriptAssemblies/Unity.Services.Authentication.Server.Tests.dll not valid. Loading of assembly skipped.
Assembly Unity.Services.Multiplayer.Server.dll at Library/ScriptAssemblies/Unity.Services.Multiplayer.Server.dll not valid. Loading of assembly skipped.
Assembly Unity.ShaderGraph.Editor.Tests.dll at Library/ScriptAssemblies/Unity.ShaderGraph.Editor.Tests.dll not valid. Loading of assembly skipped.
Assembly Unity.TextMeshPro.Editor.Tests.dll at Library/ScriptAssemblies/Unity.TextMeshPro.Editor.Tests.dll not valid. Loading of assembly skipped.
Assembly Unity.TextMeshPro.Tests.dll at Library/ScriptAssemblies/Unity.TextMeshPro.Tests.dll not valid. Loading of assembly skipped.
Assembly Unity.UnifiedRayTracing.Editor.Tests.dll at Library/ScriptAssemblies/Unity.UnifiedRayTracing.Editor.Tests.dll not valid. Loading of assembly skipped.
Assembly UnityEditor.UI.Common.Tests.dll at Library/ScriptAssemblies/UnityEditor.UI.Common.Tests.dll not valid. Loading of assembly skipped.
Assembly UnityEditor.UI.EditorTests.dll at Library/ScriptAssemblies/UnityEditor.UI.EditorTests.dll not valid. Loading of assembly skipped.
Assembly UnityEngine.UI.Tests.dll at Library/ScriptAssemblies/UnityEngine.UI.Tests.dll not valid. Loading of assembly skipped.
Symbol file LoadedFromMemory is not a mono symbol file
Refreshing native plugins compatible for Editor in 8.50 ms, found 7 plugins.
Native extension for iOS target not found
Native extension for Android target not found
Native extension for WindowsStandalone target not found
[Package Manager] Failed to launch server process. Reason: Unity was launched with the -noUpm command-line argument
[Package Manager] Unable to send message (not connected to server process).
[Package Manager] Cannot connect to Unity Package Manager local server
[Package Manager] Failed to launch server process. Reason: Unity was launched with the -noUpm command-line argument
[Package Manager] Unable to send message (not connected to server process).
[Package Manager] Cannot connect to Unity Package Manager local server
ScheduleIndexationOnStartup MainProcess:False IndexOnStartup:True
[Licensing::Client] Successfully resolved entitlement details
Mono: successfully reloaded assembly
- Finished resetting the current domain, in  1.953 seconds
Domain Reload Profiling: 4342ms
	BeginReloadAssembly (500ms)
		DisableScriptedObjects (69ms)
		CreateAndSetChildDomain (100ms)
	RebuildCommonClasses (81ms)
	RebuildNativeTypeToScriptingClass (36ms)
	initialDomainReloadingComplete (203ms)
	LoadAllAssembliesAndSetupDomain (1568ms)
		LoadAssemblies (1118ms)
		AnalyzeDomain (633ms)
			TypeCache.Refresh (29ms)
				TypeCache.ScanAssembly (4ms)
			BuildScriptInfoCaches (575ms)
			ResolveRequiredComponents (26ms)
	FinalizeReload (1954ms)
		SetupLoadedEditorAssemblies (0ms)
			InitializePlatformSupportModulesInManaged (39ms)
			BeforeProcessingInitializeOnLoad (620ms)
			ProcessInitializeOnLoadAttributes (593ms)
			ProcessInitializeOnLoadMethodAttributes (161ms)
			AfterProcessingInitializeOnLoad (6ms)
		AwakeInstancesAfterBackupRestoration (24ms)
Refreshing native plugins compatible for Editor in 3.86 ms, found 7 plugins.
Unloading 24 Unused Serialized files (Serialized files now loaded: 0)
Unloading 8891 unused Assets / (5.6 MB). Loaded Objects now: 9787.
Memory consumption went from 219.3 MB to 213.7 MB.
Total: 8.995300 ms (FindLiveObjects: 0.736300 ms CreateObjectMapping: 0.399800 ms MarkObjects: 5.040100 ms  DeleteObjects: 2.817500 ms)

Prepare: number of updated asset objects reloaded= 0
EnvironmentDependencyValues requested are different than current active one (requested -> active):
  graphicsApiMask: 2099200 -> 2361344
========================================================================
Received Import Request.
  Time since last request: 4991.581866 seconds.
  path: Assets/Status/Scripts/Game/DrawCardShowcase.cs
  importAddress: Guid(3c4700f8a84122548b6899d8dbcc06ea) Importer(815301076,1909f56bfc062723c751e8b465ee728b)
Start importing Assets/Status/Scripts/Game/DrawCardShowcase.cs using Guid(3c4700f8a84122548b6899d8dbcc06ea) Importer(815301076,1909f56bfc062723c751e8b465ee728b) (PreviewImporter) -> (Import Result ID: '5d3d4c34ab9b136d59db6491e2111de8') in 0.0137991 seconds [static and dynamic dependencies]. Details - ImportResultOutputID=8fa77677b5870d3ef04de073ed85361d DependenciesID=4d038c3834a568717b0498f2d021bc6b StaticDependenciesID=159ad4fc3d31c48d344bcefb7948d44c 
Number of updated asset objects reloaded before import = 0Number of asset objects unloaded after import = 0

========================================================================
Received Import Request.
  Time since last request: 245.100659 seconds.
  path: Assets/Status/Imports/Violet Theme Ui/Buttons/Misc/80x80 Background.png
  importAddress: Guid(a64f98d7a00501442ae40845562f1c20) Importer(815301076,1909f56bfc062723c751e8b465ee728b)
Start importing Assets/Status/Imports/Violet Theme Ui/Buttons/Misc/80x80 Background.png using Guid(a64f98d7a00501442ae40845562f1c20) Importer(815301076,1909f56bfc062723c751e8b465ee728b) (PreviewImporter) -> (Import Result ID: '0aaa219668c187f85d8168005a2a5017') in 0.1351454 seconds [static and dynamic dependencies]. Details - ImportResultOutputID=a2c83d26567334001a03fa6ac620bdfa DependenciesID=8b59bf060bd29255536c2818ece6c852 StaticDependenciesID=cce3db058d6e7d4cd8fd834ec86bdd04 
Number of updated asset objects reloaded before import = 0Number of asset objects unloaded after import = 3

========================================================================
Received Import Request.
  Time since last request: 0.000032 seconds.
  path: Assets/Status/Imports/Violet Theme Ui/White Icons/White Backward.png
  importAddress: Guid(7b1fc72ce1c2e774fae4dc31adce7ebf) Importer(815301076,1909f56bfc062723c751e8b465ee728b)
Start importing Assets/Status/Imports/Violet Theme Ui/White Icons/White Backward.png using Guid(7b1fc72ce1c2e774fae4dc31adce7ebf) Importer(815301076,1909f56bfc062723c751e8b465ee728b) (PreviewImporter) -> (Import Result ID: 'e11c9946bb472a2a090be94462137ada') in 0.0345194 seconds [static and dynamic dependencies]. Details - ImportResultOutputID=84174e10e9a55d78a8abe768ccd12430 DependenciesID=3009338e9ed389af3d3782abb544644e StaticDependenciesID=cc96e04bcbf6231709e2f3d7b6257d94 
Number of updated asset objects reloaded before import = 0Number of asset objects unloaded after import = 3

========================================================================
Received Import Request.
  Time since last request: 16.327860 seconds.
  path: Assets/Status/Imports/Violet Theme Ui/White Icons/White Battery Empty.png
  importAddress: Guid(8d9f54261b21bc6408119d9e04cc974f) Importer(815301076,1909f56bfc062723c751e8b465ee728b)
Start importing Assets/Status/Imports/Violet Theme Ui/White Icons/White Battery Empty.png using Guid(8d9f54261b21bc6408119d9e04cc974f) Importer(815301076,1909f56bfc062723c751e8b465ee728b) (PreviewImporter) -> (Import Result ID: 'a4e7bb07361dc471a4e7274c821ffb8d') in 0.0773378 seconds [static and dynamic dependencies]. Details - ImportResultOutputID=874443c03510719d33fa9a59bbed7c27 DependenciesID=5a67a8570f4199c9af33de0123cec57f StaticDependenciesID=c2c3871c1f825f880b4d4c20365ee47b 
Number of updated asset objects reloaded before import = 0Number of asset objects unloaded after import = 4

========================================================================
Received Import Request.
  Time since last request: 0.000035 seconds.
  path: Assets/Status/Imports/Violet Theme Ui/White Icons/White Bishop.png
  importAddress: Guid(4355aa8f6e41f3449bfb6c19933598e8) Importer(815301076,1909f56bfc062723c751e8b465ee728b)
Start importing Assets/Status/Imports/Violet Theme Ui/White Icons/White Bishop.png using Guid(4355aa8f6e41f3449bfb6c19933598e8) Importer(815301076,1909f56bfc062723c751e8b465ee728b) (PreviewImporter) -> (Import Result ID: '0d53ea9d73b774561677f7d6131a385e') in 0.0940049 seconds [static and dynamic dependencies]. Details - ImportResultOutputID=2ea83008a87b036885e9a2f0bc6dbcba DependenciesID=2cd77c4a2e82d0f1df9351172a379a81 StaticDependenciesID=20408d5de4e2925342d1647cad5c6e92 
Number of updated asset objects reloaded before import = 0Number of asset objects unloaded after import = 4

========================================================================
Received Import Request.
  Time since last request: 0.000029 seconds.
  path: Assets/Status/Imports/Violet Theme Ui/White Icons/White Blade 2.png
  importAddress: Guid(645d5009f90f1804ab28fa2119bc9f9d) Importer(815301076,1909f56bfc062723c751e8b465ee728b)
Start importing Assets/Status/Imports/Violet Theme Ui/White Icons/White Blade 2.png using Guid(645d5009f90f1804ab28fa2119bc9f9d) Importer(815301076,1909f56bfc062723c751e8b465ee728b) (PreviewImporter) -> (Import Result ID: 'b5f8036744f918097254d6b18a9833fc') in 0.0847723 seconds [static and dynamic dependencies]. Details - ImportResultOutputID=b532851e26197decd7453800a5f750d7 DependenciesID=ab1c074706110537da996d4763bac446 StaticDependenciesID=c89436cd0faceae7862b11f2ad67632a 
Number of updated asset objects reloaded before import = 0Number of asset objects unloaded after import = 4

========================================================================
Received Import Request.
  Time since last request: 0.000046 seconds.
  path: Assets/Status/Imports/Violet Theme Ui/White Icons/White Battery Storage.png
  importAddress: Guid(b2c8ced3a99744645ad763b4d47c39d3) Importer(815301076,1909f56bfc062723c751e8b465ee728b)
Start importing Assets/Status/Imports/Violet Theme Ui/White Icons/White Battery Storage.png using Guid(b2c8ced3a99744645ad763b4d47c39d3) Importer(815301076,1909f56bfc062723c751e8b465ee728b) (PreviewImporter) -> (Import Result ID: '1cf9002d8c3aa957319a8fa05a961291') in 0.1045948 seconds [static and dynamic dependencies]. Details - ImportResultOutputID=d63380ad5be3e55a83fe73536dde0e80 DependenciesID=db1d4f5f61380cdf615f771e6484b049 StaticDependenciesID=f72376b8abc66e9f9e2faa439d143884 
Number of updated asset objects reloaded before import = 0Number of asset objects unloaded after import = 6

========================================================================
Received Import Request.
  Time since last request: 0.592555 seconds.
  path: Assets/Status/Imports/Violet Theme Ui/White Icons/White Bluetooth.png
  importAddress: Guid(e9f6c0281d266d44c9351e417e328b40) Importer(815301076,1909f56bfc062723c751e8b465ee728b)
Start importing Assets/Status/Imports/Violet Theme Ui/White Icons/White Bluetooth.png using Guid(e9f6c0281d266d44c9351e417e328b40) Importer(815301076,1909f56bfc062723c751e8b465ee728b) (PreviewImporter) -> (Import Result ID: '062dc6d7bca56b2bcf70381b29161e67') in 0.0371038 seconds [static and dynamic dependencies]. Details - ImportResultOutputID=d9a538fcd42bb2069ecf6583ea7dd534 DependenciesID=999f30f4afc32f7399b7677318d6f5bd StaticDependenciesID=4f1e83137a59e7d7e4c1e0591a3366e0 
Number of updated asset objects reloaded before import = 0Number of asset objects unloaded after import = 3

========================================================================
Received Import Request.
  Time since last request: 0.000032 seconds.
  path: Assets/Status/Imports/Violet Theme Ui/White Icons/White Bomb.png
  importAddress: Guid(976d40449908b1c439451ba6b1fadb9e) Importer(815301076,1909f56bfc062723c751e8b465ee728b)
Start importing Assets/Status/Imports/Violet Theme Ui/White Icons/White Bomb.png using Guid(976d40449908b1c439451ba6b1fadb9e) Importer(815301076,1909f56bfc062723c751e8b465ee728b) (PreviewImporter) -> (Import Result ID: '8b3567613ab9e216a595b3fc12e1457c') in 0.0393999 seconds [static and dynamic dependencies]. Details - ImportResultOutputID=23bf394e4fda2a10dc0a2a508c40813d DependenciesID=76bd1af189ad4ebbfdde60ea2da3a712 StaticDependenciesID=1753fbcc345670cb126ea2be705551d6 
Number of updated asset objects reloaded before import = 0Number of asset objects unloaded after import = 3

========================================================================
Received Import Request.
  Time since last request: 0.000024 seconds.
  path: Assets/Status/Imports/Violet Theme Ui/White Icons/White Bomb 2.png
  importAddress: Guid(76f33d4497c53394b9151dc09e67064c) Importer(815301076,1909f56bfc062723c751e8b465ee728b)
Start importing Assets/Status/Imports/Violet Theme Ui/White Icons/White Bomb 2.png using Guid(76f33d4497c53394b9151dc09e67064c) Importer(815301076,1909f56bfc062723c751e8b465ee728b) (PreviewImporter) -> (Import Result ID: 'd6dd534cf1b8fb50d48bc7f53e14d48b') in 0.0612971 seconds [static and dynamic dependencies]. Details - ImportResultOutputID=eb10a8b207efa4069b2fdb4d2906fc55 DependenciesID=67759e0efcc0c1a9c5f7aee9b9b71054 StaticDependenciesID=8018b953dd57f65899c66221067ce9bd 
Number of updated asset objects reloaded before import = 0Number of asset objects unloaded after import = 4

========================================================================
Received Import Request.
  Time since last request: 0.017456 seconds.
  path: Assets/Status/Imports/Violet Theme Ui/White Icons/White Books.png
  importAddress: Guid(b705d170dd672dd49afc1159577a57fb) Importer(815301076,1909f56bfc062723c751e8b465ee728b)
Start importing Assets/Status/Imports/Violet Theme Ui/White Icons/White Books.png using Guid(b705d170dd672dd49afc1159577a57fb) Importer(815301076,1909f56bfc062723c751e8b465ee728b) (PreviewImporter) -> (Import Result ID: 'ff653960f6da574c908cbc87756db303') in 0.0826318 seconds [static and dynamic dependencies]. Details - ImportResultOutputID=562e02e68e84da999e2f5a714023092b DependenciesID=f721644f885f5f9c3a70e99387c5ec6e StaticDependenciesID=f1a9f5c146da79223982422a10df2f65 
Number of updated asset objects reloaded before import = 0Number of asset objects unloaded after import = 8

========================================================================
Received Import Request.
  Time since last request: 0.000030 seconds.
  path: Assets/Status/Imports/Violet Theme Ui/White Icons/White Bug 2.png
  importAddress: Guid(4be13b6c09b7e124f9a37a39c92ce8ab) Importer(815301076,1909f56bfc062723c751e8b465ee728b)
Start importing Assets/Status/Imports/Violet Theme Ui/White Icons/White Bug 2.png using Guid(4be13b6c09b7e124f9a37a39c92ce8ab) Importer(815301076,1909f56bfc062723c751e8b465ee728b) (PreviewImporter) -> (Import Result ID: '0ebaed85d30cc90efeb25a6413e0789e') in 0.0304779 seconds [static and dynamic dependencies]. Details - ImportResultOutputID=14681b55b830b4d072ea2292929f5a64 DependenciesID=d8394599814da4d9417749d8f81edba4 StaticDependenciesID=bd6f6d1d7494b1384fc9dcd1011ebe0d 
Number of updated asset objects reloaded before import = 0Number of asset objects unloaded after import = 3

========================================================================
Received Import Request.
  Time since last request: 0.000025 seconds.
  path: Assets/Status/Imports/Violet Theme Ui/White Icons/White Bow.png
  importAddress: Guid(139896ae9c7105140bf96a66f05e1c40) Importer(815301076,1909f56bfc062723c751e8b465ee728b)
Start importing Assets/Status/Imports/Violet Theme Ui/White Icons/White Bow.png using Guid(139896ae9c7105140bf96a66f05e1c40) Importer(815301076,1909f56bfc062723c751e8b465ee728b) (PreviewImporter) -> (Import Result ID: '4ef7866e994180c198ab00277502ebb6') in 0.0351787 seconds [static and dynamic dependencies]. Details - ImportResultOutputID=1fa0f8bd552024fbb2da618b2ad29906 DependenciesID=f525c704029c217a3cacbc20f15633ce StaticDependenciesID=d88553a01d50c315667c1c86aa9196a3 
Number of updated asset objects reloaded before import = 0Number of asset objects unloaded after import = 3

========================================================================
Received Import Request.
  Time since last request: 6.179882 seconds.
  path: Assets/Status/Imports/Violet Theme Ui/White Icons/White Bag 1.png
  importAddress: Guid(df9b56d87fb51104ebe9f524721a14c5) Importer(815301076,1909f56bfc062723c751e8b465ee728b)
Start importing Assets/Status/Imports/Violet Theme Ui/White Icons/White Bag 1.png using Guid(df9b56d87fb51104ebe9f524721a14c5) Importer(815301076,1909f56bfc062723c751e8b465ee728b) (PreviewImporter) -> (Import Result ID: '1406e5d4469baad190d38160a5ed92a2') in 0.1177759 seconds [static and dynamic dependencies]. Details - ImportResultOutputID=aa505796a6c42c006b82f74acaa15f59 DependenciesID=fb5496998b05f646b218d27cc536363f StaticDependenciesID=e398498b4f833c59f9f2edd78b1c5207 
Number of updated asset objects reloaded before import = 0Number of asset objects unloaded after import = 9

========================================================================
Received Import Request.
  Time since last request: 0.000029 seconds.
  path: Assets/Status/Imports/Violet Theme Ui/White Icons/White Calendar 3.png
  importAddress: Guid(12eb67918fb8c0540950ec4de2d608b3) Importer(815301076,1909f56bfc062723c751e8b465ee728b)
Start importing Assets/Status/Imports/Violet Theme Ui/White Icons/White Calendar 3.png using Guid(12eb67918fb8c0540950ec4de2d608b3) Importer(815301076,1909f56bfc062723c751e8b465ee728b) (PreviewImporter) -> (Import Result ID: '3409cfd97b2bcbaf8a1f5573e6ecb143') in 0.082772 seconds [static and dynamic dependencies]. Details - ImportResultOutputID=e389ced32cc3bb3dab72e51b521fbf68 DependenciesID=c408f32849eb349aad3313dcac78ec4f StaticDependenciesID=e667079d7bda2f28e4483c96b3f8601d 
Number of updated asset objects reloaded before import = 0Number of asset objects unloaded after import = 4

========================================================================
Received Import Request.
  Time since last request: 0.000035 seconds.
  path: Assets/Status/Imports/Violet Theme Ui/White Icons/White Chat 4.png
  importAddress: Guid(8002cbd2607a54c408d377e6bc2283a2) Importer(815301076,1909f56bfc062723c751e8b465ee728b)
Start importing Assets/Status/Imports/Violet Theme Ui/White Icons/White Chat 4.png using Guid(8002cbd2607a54c408d377e6bc2283a2) Importer(815301076,1909f56bfc062723c751e8b465ee728b) (PreviewImporter) -> (Import Result ID: 'bad6c2ff66eaa5918dec5f499d1f8e80') in 0.0945206 seconds [static and dynamic dependencies]. Details - ImportResultOutputID=864ff8e81c7dc49b45637d50ac7ca37f DependenciesID=a7b6279c8d48a37c0afefcffdb27e8d4 StaticDependenciesID=80e9164949f27ed9fc8f336c74891f43 
Number of updated asset objects reloaded before import = 0Number of asset objects unloaded after import = 4

========================================================================
Received Import Request.
  Time since last request: 0.000028 seconds.
  path: Assets/Status/Imports/Violet Theme Ui/White Icons/White Building.png
  importAddress: Guid(3580e3b3da4859240ac7a3e3c6cedc81) Importer(815301076,1909f56bfc062723c751e8b465ee728b)
Start importing Assets/Status/Imports/Violet Theme Ui/White Icons/White Building.png using Guid(3580e3b3da4859240ac7a3e3c6cedc81) Importer(815301076,1909f56bfc062723c751e8b465ee728b) (PreviewImporter) -> (Import Result ID: '6963957f860c38c89c72bc9a8ec3d9dd') in 0.0406564 seconds [static and dynamic dependencies]. Details - ImportResultOutputID=30abb7dba5a0d99872dce81de3bb0f9e DependenciesID=c6f567c376b95bbf6f3d700bbc3c533e StaticDependenciesID=5a262f3bcb8bda213725f91a9649be0c 
Number of updated asset objects reloaded before import = 0Number of asset objects unloaded after import = 3

========================================================================
Received Import Request.
  Time since last request: 0.000033 seconds.
  path: Assets/Status/Imports/Violet Theme Ui/White Icons/White Cash Bag.png
  importAddress: Guid(a5ee1230bb9a4e14e8d88c065ebf0dbc) Importer(815301076,1909f56bfc062723c751e8b465ee728b)
Start importing Assets/Status/Imports/Violet Theme Ui/White Icons/White Cash Bag.png using Guid(a5ee1230bb9a4e14e8d88c065ebf0dbc) Importer(815301076,1909f56bfc062723c751e8b465ee728b) (PreviewImporter) -> (Import Result ID: 'c341b4ce0caa88a2372a2aeb9717f776') in 0.06865 seconds [static and dynamic dependencies]. Details - ImportResultOutputID=707a7526c343c38c1966b244732d53df DependenciesID=0e77bf14d8e2c4b4f641a507c0960950 StaticDependenciesID=f478f621055fafb9f88b006a73da78b4 
Number of updated asset objects reloaded before import = 0Number of asset objects unloaded after import = 4

========================================================================
Received Import Request.
  Time since last request: 0.000146 seconds.
  path: Assets/Status/Imports/Violet Theme Ui/White Icons/White Chat 2.png
  importAddress: Guid(b87089d14f7860c41984539bdf4bb177) Importer(815301076,1909f56bfc062723c751e8b465ee728b)
Start importing Assets/Status/Imports/Violet Theme Ui/White Icons/White Chat 2.png using Guid(b87089d14f7860c41984539bdf4bb177) Importer(815301076,1909f56bfc062723c751e8b465ee728b) (PreviewImporter) -> (Import Result ID: '5dad7cd56b7ff6951a2611d61f26dd50') in 0.0338608 seconds [static and dynamic dependencies]. Details - ImportResultOutputID=efa1a1abb7dcd7f62cc4b88916d41da3 DependenciesID=3f18c5980c8e5f823459be9c72372ad4 StaticDependenciesID=f5f8b5297508732d5252578a4e9d1b1a 
Number of updated asset objects reloaded before import = 0Number of asset objects unloaded after import = 3

========================================================================
Received Import Request.
  Time since last request: 0.000019 seconds.
  path: Assets/Status/Imports/Violet Theme Ui/White Icons/White Calculator.png
  importAddress: Guid(5fd6ea44dbbd9d046872ded11c5decf5) Importer(815301076,1909f56bfc062723c751e8b465ee728b)
Start importing Assets/Status/Imports/Violet Theme Ui/White Icons/White Calculator.png using Guid(5fd6ea44dbbd9d046872ded11c5decf5) Importer(815301076,1909f56bfc062723c751e8b465ee728b) (PreviewImporter) -> (Import Result ID: '62e1b4f6b0863a695809941d3e6c0015') in 0.0333506 seconds [static and dynamic dependencies]. Details - ImportResultOutputID=2cc58dfb821621535e1a486c6ffcc0b2 DependenciesID=dd1deeec4ea45db92e61607d42cb2ff2 StaticDependenciesID=632bcbc8d0fd1b005fa6573b3141f620 
Number of updated asset objects reloaded before import = 0Number of asset objects unloaded after import = 3

========================================================================
Received Import Request.
  Time since last request: 0.000038 seconds.
  path: Assets/Status/Imports/Violet Theme Ui/White Icons/White Calendar 2.png
  importAddress: Guid(84aae14d0ad80c7409ca2f25d810125d) Importer(815301076,1909f56bfc062723c751e8b465ee728b)
Start importing Assets/Status/Imports/Violet Theme Ui/White Icons/White Calendar 2.png using Guid(84aae14d0ad80c7409ca2f25d810125d) Importer(815301076,1909f56bfc062723c751e8b465ee728b) (PreviewImporter) -> (Import Result ID: 'e7407c6eeacd7f7c2b84e0fe81067a6c') in 0.0347341 seconds [static and dynamic dependencies]. Details - ImportResultOutputID=eab86cd6c4e0f8d49cd3614692e54d01 DependenciesID=8948786d768a98a3fce9f0c24d3e4337 StaticDependenciesID=b0ebb127eb979cc7e7e51804909c9712 
Number of updated asset objects reloaded before import = 0Number of asset objects unloaded after import = 4

========================================================================
Received Import Request.
  Time since last request: 0.000034 seconds.
  path: Assets/Status/Imports/Violet Theme Ui/White Icons/White Castle 1.png
  importAddress: Guid(7750fcabc27e4464c94dd37eabcdb89d) Importer(815301076,1909f56bfc062723c751e8b465ee728b)
Start importing Assets/Status/Imports/Violet Theme Ui/White Icons/White Castle 1.png using Guid(7750fcabc27e4464c94dd37eabcdb89d) Importer(815301076,1909f56bfc062723c751e8b465ee728b) (PreviewImporter) -> (Import Result ID: '666a6ee4d575d262dd6cc917111d02a8') in 0.065534 seconds [static and dynamic dependencies]. Details - ImportResultOutputID=af82a63a0b71bc1021beebb741a92f0f DependenciesID=c62c4de27d41e9ef62fec9e7ff3f81a3 StaticDependenciesID=f3a5b80b7b7faf4f3d2412f834ec7168 
Number of updated asset objects reloaded before import = 0Number of asset objects unloaded after import = 7

========================================================================
Received Import Request.
  Time since last request: 0.000040 seconds.
  path: Assets/Status/Imports/Violet Theme Ui/White Icons/White Camera 2.png
  importAddress: Guid(4c2d4bf8450af0145aebbf3e58351d75) Importer(815301076,1909f56bfc062723c751e8b465ee728b)
Start importing Assets/Status/Imports/Violet Theme Ui/White Icons/White Camera 2.png using Guid(4c2d4bf8450af0145aebbf3e58351d75) Importer(815301076,1909f56bfc062723c751e8b465ee728b) (PreviewImporter) -> (Import Result ID: 'aee1572edc1ac3dd16a55d10e95a7fa6') in 0.0462283 seconds [static and dynamic dependencies]. Details - ImportResultOutputID=50c0af4276aea032bebc5f3e99809ca7 DependenciesID=63067af58b408889f129ac734729e64e StaticDependenciesID=77b29caee44a84ec96bbeb577361024c 
Number of updated asset objects reloaded before import = 0Number of asset objects unloaded after import = 4

Editor requested this worker to shutdown with reason: Scaling down because of idle timeout
AssetImportWorker is now disconnected from the server
Process exiting
Exiting without the bug reporter. Application will terminate with return code 0